SYS,SYS,SYS,SYS,SYS,USERDEF,USERDEF,USERDEF,USERDEF,PORO,PORO,PORO,PORO,PORO,PORO,PORO,PORO,PORO,PORO,PORO,PORO,FLUORO,FLUORO,FLUORO,FLUORO,FLUORO,FLUORO,FLUORO,FLUORO,FLUORO,FLUORO,SENSOR,SENSOR,SENSOR,SENSOR,SENSOR,SENSOR,SENSOR,SENSOR,SENSOR,SENSOR,MATCH,MATCH,MATCH,STABILITY,STABILITY,STABILITY,STABILITY,STABILITY,STABILITY,P_CONFIG,P_CONFIG,P_CONFIG,P_CONFIG,FL_CONFIG,FL_CONFIG,FL_CONFIG,FL_CONFIG,FL_CONFIG,FL_CONFIG,FL_CONFIG,FL_CONFIG,FL_CONFIG,FL_CONFIG,FL_CONFIG,FL_CONFIG,FL_CONFIG,FL_CONFIG,FL_CONFIG,SENSOR_V,SENSOR_V,SENSOR_V,SENSOR_V,SENSOR_V,SENSOR_V,SENSOR_V,SENSOR_V,SENSOR_V,SENSOR_V,USERCAL,USERCAL,USERCAL,USERCAL,USERCAL,USERCAL,USERCAL,USERCAL,USERCAL,USERCAL,META,META,META,META,META,META,META
Obs#,Time,Date,configName,configAuthor,remark,species,id,Leaf #,gsw,gbw,gtw,E_apparent,VPcham,VPref,VPleaf,VPDleaf,H2O_r,H2O_s,H2O_leaf,leaf_area,flashID,Fo,Fm,Fv/Fm,Fs,Fm',PhiPS2,PS2/1,abs,ETR,rh_s,rh_r,Tref,Tleaf,P_atm,flow,flow_s,leak_pct,Qamb,batt,match_time,match_date,rh_adj,gsw1sec,gsw2sec,gsw4sec,flr1sec,flr2sec,flr4sec,auto,flow_set,gsw_limit,gsw_period,dark,flash_type,flash_intensity,modrate,flr_limit,flr_period,P1_dur,P2_dur,P3_dur,P1_Fmax,P2_ramp,P2_slp,P3_Fmax,P3_Pred,P3_DeltaF,v_humA,v_humB,v_flowIn,v_flowOut,v_temp,v_irt,v_pres,v_par,v_F,i_LED,b_rhr,m_rhr,span_rhr,b_rhs,m_rhs,span_rhs,z_flowIn,z_flowOut,z_quantum,z_flr,flashId,lciSerNum,lcpSerNum,lcfSerNum,lcrhSerNum,version,configUpdatedAt
,HHMMSS,YYYYMMDD,,,,,,,mol+1m-2s-1,mol+1m-2s-1,mol+1m-2s-1,mmol+1m-2s-1,kPa,kPa,kPa,kPa,mmol+1mol-1,mmol+1mol-1,mmol+1mol-1,cm+2,,,,,,,,,,umol+1m-2s-1,%,%,C,C,kPa,umol+1sec-1,umol+1sec-1,%,umol+1m-2s-1,V,HHMMSS,YYYYMMDD,%,,,,,,,,umol+1sec-1,(umol+1m-2s-1)s-1,s,,,umol+1m-2s-1,Hz,s-1,s,ms,ms,ms,,%,,,,,V,V,V,V,V,V,V,V,V,A,,,,,,,,,,,,,,,,,
1,11:19:09,4/12/2022,gsw light adap,Shane,,hear,18,1,0.002897,2.921243,0.002894,0.093949,0.444887,0.442205,3.678884,3.233996,4.348847,4.375228,36.17984,0.441786,PSF-00342_20220412111909,0,0,0,52.047729,55.243565,0.05785,0.5,0.8,45.674614,18.37,18.26,20.51,27.47,101.68,156.6,138.8,11.4,1974,3.869,11:19:03,4/12/2022,0.37,0.001,0.002,-9999,-0.781,-1.438,-9999,1,150,0.005,2,0,mpf,10000,500,5,2,300,300,300,54.256081,25,-1.064865,53.506493,54.174644,-0.668152,2.423059,2.420311,1.654958,0.893404,0.326423,0.084332,0.062351,1.958614,52.047729,0.000472,2.390947,-0.0001,1,2.387769,-0.000073,1,0.601534,0.600729,0.107013,0,PSF-00342_20220412111909,PFA-00370,PSA-00387,PSF-00342,RHS-00171,1.0.0,2022-03-31T18:26:44.181Z
2,11:19:31,4/12/2022,gsw light adap,Shane,,hear,18,2,0.012243,2.919147,0.012192,0.35232,0.421925,0.411847,3.306347,2.884422,4.050544,4.149661,32.518147,0.441786,PSF-00342_20220412111931,0,0,0,89.267136,93.883308,0.049169,0.5,0.8,38.154293,17.21,16.8,20.71,25.66,101.68,156.4,155.2,0.7,1940,3.931,11:19:03,4/12/2022,0.37,0.001,0.001,0.005,-1.696,-3.835,-13.419,1,150,0.005,2,0,mpf,10000,500,5,2,300,300,300,92.885612,25,-1.349907,91.637848,92.528259,-0.890411,2.420593,2.418317,1.652724,0.935026,0.323865,0.059771,0.066186,1.926819,89.267136,0.000473,2.390947,-0.0001,1,2.387769,-0.000073,1,0.601534,0.600729,0.107013,0,PSF-00342_20220412111931,PFA-00370,PSA-00387,PSF-00342,RHS-00171,1.0.0,2022-03-31T18:26:44.181Z
3,11:19:47,4/12/2022,gsw light adap,Shane,,hear,18,3,0.02064,2.920593,0.020495,0.641632,0.427933,0.409598,3.54944,3.121508,4.027739,4.208031,34.903057,0.441786,PSF-00342_20220412111947,0,0,0,55.035355,58.648525,0.061607,0.5,0.8,48.286198,17.32,16.58,20.83,26.86,101.69,156.6,157.1,-0.4,1959,3.931,11:19:03,4/12/2022,0.37,0.001,0.002,0.018,-0.162,-0.132,-0.106,1,150,0.005,2,0,mpf,10000,500,5,2,300,300,300,58.53474,25,-0.125659,58.224319,58.522388,-0.298069,2.420202,2.418489,1.654263,0.939879,0.32224,0.072989,0.068816,1.945104,55.035355,0.000485,2.390947,-0.0001,1,2.387769,-0.000073,1,0.601534,0.600729,0.107013,0,PSF-00342_20220412111947,PFA-00370,PSA-00387,PSF-00342,RHS-00171,1.0.0,2022-03-31T18:26:44.181Z
4,11:20:10,4/12/2022,gsw light adap,Shane,,hear,14,1,0.001028,2.922482,0.001028,0.037537,0.409198,0.408127,4.042793,3.633595,4.013424,4.023958,39.755863,0.441786,PSF-00342_20220412112010,0,0,0,61.035633,64.604401,0.05524,0.5,0.8,45.28698,16.37,16.33,21.02,29.09,101.69,156.8,153.7,2,2050,3.929,11:19:03,4/12/2022,0.37,0,0.002,-9999,0,-0.289,-9999,1,150,0.005,2,0,mpf,10000,500,5,2,300,300,300,64.604401,25,0.56454,64.650177,65.171089,-0.520912,2.419749,2.416838,1.656284,0.93118,0.319813,0.09866,0.072866,2.029629,61.035633,0.00047,2.390947,-0.0001,1,2.387769,-0.000073,1,0.601534,0.600729,0.107013,0,PSF-00342_20220412112010,PFA-00370,PSA-00387,PSF-00342,RHS-00171,1.0.0,2022-03-31T18:26:44.181Z
5,11:20:24,4/12/2022,gsw light adap,Shane,,hear,14,2,0.002628,2.921558,0.002625,0.084246,0.41105,0.408644,3.609617,3.198567,4.018567,4.042225,35.496632,0.441786,PSF-00342_20220412112024,0,0,0,49.035072,52.266098,0.061819,0.5,0.8,49.59042,16.33,16.24,21.14,27.14,101.69,156.7,150.3,4.1,2005,3.929,11:19:03,4/12/2022,0.37,0,0.002,-9999,-0.073,0.023,-9999,1,150,0.005,2,0,mpf,10000,500,5,2,300,300,300,52.022697,25,-0.216207,51.82922,52.049068,-0.219849,2.419569,2.416749,1.655294,0.92243,0.318327,0.072932,0.075093,1.98829,49.035072,0.000467,2.390947,-0.0001,1,2.387769,-0.000073,1,0.601534,0.600729,0.107013,0,PSF-00342_20220412112024,PFA-00370,PSA-00387,PSF-00342,RHS-00171,1.0.0,2022-03-31T18:26:44.181Z
6,11:20:34,4/12/2022,gsw light adap,Shane,,hear,14,3,0.001562,2.923761,0.001562,0.054765,0.42967,0.428109,3.919961,3.49029,4.209532,4.224882,38.544353,0.441786,PSF-00342_20220412112034,0,0,0,62.997936,66.790436,0.056782,0.5,0.8,45.283028,16.99,16.93,21.21,28.56,101.7,157,155.3,1.1,1994,3.928,11:19:03,4/12/2022,0.37,0.001,0.002,-9999,-0.638,-1.505,-9999,1,150,0.005,2,0,mpf,10000,500,5,2,300,300,300,66.617493,25,-0.218979,66.182259,66.570625,-0.388367,2.420719,2.417866,1.657657,0.935071,0.317327,0.08962,0.076641,1.977262,62.997936,0.000475,2.390947,-0.0001,1,2.387769,-0.000073,1,0.601534,0.600729,0.107013,0,PSF-00342_20220412112034,PFA-00370,PSA-00387,PSF-00342,RHS-00171,1.0.0,2022-03-31T18:26:44.181Z
7,11:20:48,4/12/2022,gsw light adap,Shane,,hear,6,1,0.005955,2.919822,0.005943,0.173371,0.431868,0.426911,3.343444,2.911576,4.198021,4.246764,32.877663,0.441786,PSF-00342_20220412112048,0,0,0,103.568314,111.750092,0.073215,0.5,0.8,55.875816,16.96,16.77,21.32,25.85,101.69,156.5,152.6,2.4,1908,3.928,11:19:03,4/12/2022,0.37,0.001,0.002,-9999,-1.93,-3.912,-9999,1,150,0.005,2,0,mpf,10000,500,5,2,300,300,300,111.691475,25,-1.114297,109.897614,110.631554,-0.73394,2.420434,2.417807,1.653441,0.92837,0.315952,0.054831,0.078762,1.896792,103.568314,0.000482,2.390947,-0.0001,1,2.387769,-0.000073,1,0.601534,0.600729,0.107013,0,PSF-00342_20220412112048,PFA-00370,PSA-00387,PSF-00342,RHS-00171,1.0.0,2022-03-31T18:26:44.181Z
8,11:21:03,4/12/2022,gsw light adap,Shane,,hear,6,2,0.004098,2.920536,0.004093,0.143802,0.421628,0.417518,3.919127,3.497499,4.105053,4.145464,38.533024,0.441786,PSF-00342_20220412112103,0,0,0,66.065666,70.172668,0.058527,0.5,0.8,47.289402,16.45,16.29,21.43,28.55,101.71,156.6,155.4,0.7,2020,3.927,11:19:03,4/12/2022,0.37,0.001,0.001,-9999,-0.139,-0.343,-9999,1,150,0.005,2,0,mpf,10000,500,5,2,300,300,300,70.172668,25,0.364041,70.031761,70.538094,-0.506332,2.419609,2.416912,1.654203,0.935406,0.314557,0.086975,0.081099,2.001895,66.065666,0.000483,2.390947,-0.0001,1,2.387769,-0.000073,1,0.601534,0.600729,0.107013,0,PSF-00342_20220412112103,PFA-00370,PSA-00387,PSF-00342,RHS-00171,1.0.0,2022-03-31T18:26:44.181Z
9,11:21:15,4/12/2022,gsw light adap,Shane,,hear,6,3,0.007052,2.923065,0.007035,0.208592,0.409764,0.403814,3.369403,2.959638,3.970433,4.028942,33.129093,0.441786,PSF-00342_20220412112115,0,0,0,156.535858,165.256256,0.052769,0.5,0.8,42.718384,15.9,15.67,21.52,25.98,101.71,156.9,152.2,3,2024,3.926,11:19:03,4/12/2022,0.37,0,0.001,0.002,-1.584,-4.137,-12.101,1,150,0.005,2,0,mpf,10000,500,5,2,300,300,300,165.256256,25,0.323386,164.274216,165.580872,-1.306656,2.41855,2.415957,1.656909,0.92721,0.31346,0.054098,0.083009,2.005518,156.535858,0.000471,2.390947,-0.0001,1,2.387769,-0.000073,1,0.601534,0.600729,0.107013,0,PSF-00342_20220412112115,PFA-00370,PSA-00387,PSF-00342,RHS-00171,1.0.0,2022-03-31T18:26:44.181Z
10,11:21:32,4/12/2022,gsw light adap,Shane,,hear,25,1,0.013789,2.919986,0.013724,0.483187,0.446307,0.432493,3.950111,3.503803,4.251926,4.387737,38.834324,0.441786,PSF-00342_20220412112132,0,0,0,62.254787,71.043465,0.123708,0.5,0.8,101.436295,17.2,16.67,21.63,28.69,101.72,156.5,155.7,0.5,2050,3.926,11:19:03,4/12/2022,0.37,0.001,0.003,-9999,-0.096,-0.232,-9999,1,150,0.005,2,0,mpf,10000,500,5,2,300,300,300,70.64402,25,-0.301211,70.558907,70.741104,-0.182198,2.420213,2.418169,1.653617,0.936333,0.312041,0.0863,0.085563,2.029969,62.254787,0.000466,2.390947,-0.0001,1,2.387769,-0.000073,1,0.601534,0.600729,0.107013,0,PSF-00342_20220412112132,PFA-00370,PSA-00387,PSF-00342,RHS-00171,1.0.0,2022-03-31T18:26:44.181Z
11,11:21:48,4/12/2022,gsw light adap,Shane,,hear,25,2,0.010106,2.923929,0.010071,0.333357,0.425709,0.416208,3.723123,3.297414,4.092649,4.186073,36.610138,0.441786,PSF-00342_20220412112148,0,0,0,93.084808,104.199295,0.106666,0.5,0.8,82.229836,16.29,15.92,21.75,27.67,101.7,157,144.2,8.1,1927,3.925,11:19:03,4/12/2022,0.37,0.001,0.002,-9999,-0.414,-0.72,-9999,1,150,0.005,2,0,mpf,10000,500,5,2,300,300,300,104.134796,25,0.081309,104.037521,104.280914,-0.243393,2.41894,2.416591,1.657837,0.906968,0.310554,0.072189,0.088098,1.914937,93.084808,0.000487,2.390947,-0.0001,1,2.387769,-0.000073,1,0.601534,0.600729,0.107013,0,PSF-00342_20220412112148,PFA-00370,PSA-00387,PSF-00342,RHS-00171,1.0.0,2022-03-31T18:26:44.181Z
12,11:22:01,4/12/2022,gsw light adap,Shane,,hear,25,3,0.005825,2.922376,0.005814,0.18092,0.415475,0.410311,3.519279,3.103804,4.034379,4.08515,34.603233,0.441786,PSF-00342_20220412112201,0,0,0,78.228233,83.149139,0.059182,0.5,0.8,46.645893,15.82,15.62,21.83,26.71,101.7,156.8,138.5,11.7,1970,3.925,11:19:03,4/12/2022,0.37,0,0.001,0.002,-1.508,-3.904,-11.009,1,150,0.005,2,0,mpf,10000,500,5,2,300,300,300,82.730774,25,-0.690199,81.825256,82.456314,-0.631058,2.418412,2.415768,1.65617,0.892605,0.309532,0.059385,0.089968,1.955436,78.228233,0.000474,2.390947,-0.0001,1,2.387769,-0.000073,1,0.601534,0.600729,0.107013,0,PSF-00342_20220412112201,PFA-00370,PSA-00387,PSF-00342,RHS-00171,1.0.0,2022-03-31T18:26:44.181Z
13,11:22:16,4/12/2022,gsw light adap,Shane,,hear,22,1,-0.001089,2.918713,-0.001089,-0.028989,0.406544,0.407374,3.067275,2.66073,4.005734,3.997575,30.160696,0.441786,PSF-00342_20220412112216,0,0,0,86.344597,90.240639,0.043174,0.5,0.8,35.10466,15.39,15.42,21.93,24.4,101.7,156.3,148.1,5.3,2033,3.924,11:19:03,4/12/2022,0.37,0.001,0.002,-9999,-1.174,-2.836,-9999,1,150,0.005,2,0,mpf,10000,500,5,2,300,300,300,90.135811,25,-0.315071,89.338661,89.92437,-0.585709,2.418052,2.41501,1.652262,0.916766,0.308337,0.030313,0.092236,2.013872,86.344597,0.000476,2.390947,-0.0001,1,2.387769,-0.000073,1,0.601534,0.600729,0.107013,0,PSF-00342_20220412112216,PFA-00370,PSA-00387,PSF-00342,RHS-00171,1.0.0,2022-03-31T18:26:44.181Z
14,11:22:30,4/12/2022,gsw light adap,Shane,,hear,22,2,0.012196,2.92153,0.012145,0.332694,0.415903,0.406404,3.152498,2.736594,3.996701,4.090126,31.002659,0.441786,PSF-00342_20220412112230,0,0,0,98.699928,104.552147,0.055974,0.5,0.8,44.921478,15.66,15.3,22.01,24.86,101.68,156.7,157.1,-0.3,2006,3.924,11:19:03,4/12/2022,0.37,0.002,0.003,-9999,-0.789,-1.844,-9999,1,150,0.005,2,0,mpf,10000,500,5,2,300,300,300,104.552147,25,-0.041578,103.899834,104.510406,-0.610573,2.417847,2.415478,1.655264,0.939855,0.307332,0.034825,0.094377,1.989109,98.699928,0.000481,2.390947,-0.0001,1,2.387769,-0.000073,1,0.601534,0.600729,0.107013,0,PSF-00342_20220412112230,PFA-00370,PSA-00387,PSF-00342,RHS-00171,1.0.0,2022-03-31T18:26:44.181Z
15,11:22:41,4/12/2022,gsw light adap,Shane,,hear,22,3,0.026471,2.920242,0.026233,0.741428,0.418239,0.39705,3.240041,2.821801,3.905242,4.113652,31.867895,0.441786,PSF-00342_20220412112241,0,0,0,81.361771,88.160049,0.077113,0.5,0.8,61.393517,15.7,14.9,22.07,25.32,101.67,156.5,157,-0.3,1990,3.924,11:19:03,4/12/2022,0.37,0.001,0.002,-9999,-0.777,-0.879,-9999,1,150,0.005,2,0,mpf,10000,500,5,2,300,300,300,86.681839,25,-1.948634,85.184097,86.203995,-1.019897,2.417152,2.415531,1.653889,0.939587,0.30665,0.039686,0.095802,1.974126,81.361771,0.000483,2.390947,-0.0001,1,2.387769,-0.000073,1,0.601534,0.600729,0.107013,0,PSF-00342_20220412112241,PFA-00370,PSA-00387,PSF-00342,RHS-00171,1.0.0,2022-03-31T18:26:44.181Z
16,11:22:57,4/12/2022,gsw light adap,Shane,,hear,8,1,0.019415,2.920156,0.019286,0.569282,0.41089,0.394617,3.356621,2.945731,3.88096,4.041004,33.011536,0.441786,PSF-00342_20220412112257,0,0,0,52.39463,55.631161,0.058178,0.5,0.8,46.35326,15.34,14.74,22.15,25.91,101.68,156.5,156.4,0.1,1992,3.923,11:19:03,4/12/2022,0.37,0.001,0.003,-9999,-0.035,-0.146,-9999,1,150,0.005,2,0,mpf,10000,500,5,2,300,300,300,55.631161,25,0.129817,55.371521,55.761471,-0.38995,2.416856,2.41491,1.653797,0.937912,0.305643,0.045906,0.098038,1.975517,52.39463,0.000485,2.390947,-0.0001,1,2.387769,-0.000073,1,0.601534,0.600729,0.107013,0,PSF-00342_20220412112257,PFA-00370,PSA-00387,PSF-00342,RHS-00171,1.0.0,2022-03-31T18:26:44.181Z
17,11:23:13,4/12/2022,gsw light adap,Shane,,hear,8,2,0.005432,2.92182,0.005421,0.179907,0.382536,0.377399,3.68925,3.306714,3.711494,3.76202,36.281612,0.441786,PSF-00342_20220412112313,0,0,0,69.662331,74.068665,0.05949,0.5,0.8,46.194378,14.22,14.03,22.23,27.52,101.68,156.7,157.2,-0.3,1941,3.923,11:19:03,4/12/2022,0.37,0,0.002,-9999,-0.017,-0.013,-9999,1,150,0.005,2,0,mpf,10000,500,5,2,300,300,300,74.068665,25,0.955376,74.168083,75.027679,-0.859596,2.415627,2.412938,1.655574,0.940096,0.304705,0.06463,0.100276,1.928062,69.662331,0.000483,2.390947,-0.0001,1,2.387769,-0.000073,1,0.601534,0.600729,0.107013,0,PSF-00342_20220412112313,PFA-00370,PSA-00387,PSF-00342,RHS-00171,1.0.0,2022-03-31T18:26:44.181Z
18,11:23:23,4/12/2022,gsw light adap,Shane,,hear,8,3,0.012621,2.922409,0.012566,0.361432,0.412806,0.402492,3.284422,2.871616,3.958035,4.059463,32.298454,0.441786,PSF-00342_20220412112323,0,0,0,81.847786,89.066864,0.081052,0.5,0.8,62.101917,15.3,14.91,22.28,25.54,101.69,156.8,157,-0.1,1915,3.922,11:19:03,4/12/2022,0.37,0,0.002,-9999,-0.114,-0.156,-9999,1,150,0.005,2,0,mpf,10000,500,5,2,300,300,300,89.066864,25,0.761344,89.07473,89.831108,-0.756378,2.417142,2.414813,1.656206,0.939605,0.304098,0.039989,0.10157,1.903875,81.847786,0.000489,2.390947,-0.0001,1,2.387769,-0.000073,1,0.601534,0.600729,0.107013,0,PSF-00342_20220412112323,PFA-00370,PSA-00387,PSF-00342,RHS-00171,1.0.0,2022-03-31T18:26:44.181Z
19,11:23:39,4/12/2022,gsw light adap,Shane,,hear,10,1,0.006115,2.923048,0.006102,0.176288,0.413366,0.408338,3.297408,2.884041,4.015599,4.065045,32.426712,0.441786,PSF-00342_20220412112339,0,0,0,76.736923,83.246826,0.0782,0.5,0.8,58.648518,15.25,15.06,22.35,25.61,101.69,156.9,157.1,-0.1,1875,3.922,11:19:03,4/12/2022,0.37,0.001,0.002,-9999,-0.355,-0.801,-9999,1,150,0.005,2,0,mpf,10000,500,5,2,300,300,300,83.246826,25,0.498015,83.095192,83.746735,-0.651543,2.417385,2.414721,1.656891,0.939752,0.303206,0.039926,0.10371,1.86585,76.736923,0.00048,2.390947,-0.0001,1,2.387769,-0.000073,1,0.601534,0.600729,0.107013,0,PSF-00342_20220412112339,PFA-00370,PSA-00387,PSF-00342,RHS-00171,1.0.0,2022-03-31T18:26:44.181Z
20,11:23:55,4/12/2022,gsw light adap,Shane,,hear,10,2,0.01409,2.921245,0.014023,0.410359,0.415958,0.404236,3.336959,2.921002,3.975066,4.090326,32.814053,0.441786,PSF-00342_20220412112355,0,0,0,78.301552,85.497528,0.084166,0.5,0.8,66.988716,15.27,14.84,22.43,25.81,101.69,156.6,156.6,0,1990,3.921,11:19:03,4/12/2022,0.37,0,0.002,-9999,-1.258,-3.433,-9999,1,150,0.005,2,0,mpf,10000,500,5,2,300,300,300,84.759949,25,-1.085654,83.652023,84.407738,-0.755714,2.416993,2.41475,1.65496,0.938603,0.30225,0.041423,0.105876,1.973568,78.301552,0.000486,2.390947,-0.0001,1,2.387769,-0.000073,1,0.601534,0.600729,0.107013,0,PSF-00342_20220412112355,PFA-00370,PSA-00387,PSF-00342,RHS-00171,1.0.0,2022-03-31T18:26:44.181Z
21,11:24:06,4/12/2022,gsw light adap,Shane,,hear,10,3,0.014526,2.922957,0.014454,0.436036,0.400176,0.387735,3.410727,3.01055,3.812542,3.934867,33.537136,0.441786,PSF-00342_20220412112406,0,0,0,129.099365,140.884995,0.083654,0.5,0.8,65.548706,14.65,14.19,22.48,26.18,101.7,156.9,155.7,0.7,1959,3.921,11:19:03,4/12/2022,0.37,0,0,0.001,-1.418,-3.571,-11.012,1,150,0.005,2,0,mpf,10000,500,5,2,300,300,300,140.884995,25,0.94244,140.608551,141.831024,-1.222473,2.415871,2.413657,1.656793,0.936278,0.301634,0.045294,0.10735,1.944615,129.099365,0.000482,2.390947,-0.0001,1,2.387769,-0.000073,1,0.601534,0.600729,0.107013,0,PSF-00342_20220412112406,PFA-00370,PSA-00387,PSF-00342,RHS-00171,1.0.0,2022-03-31T18:26:44.181Z
22,11:24:29,4/12/2022,gsw light adap,Shane,,hear,12,1,0.06697,2.922068,0.065469,2.045686,0.478878,0.420522,3.592772,3.113894,4.135284,4.709139,35.330196,0.441786,PSF-00342_20220412112429,0,0,0,69.346909,82.723267,0.1617,0.5,0.8,131.061035,17.41,15.29,22.59,27.06,101.69,156.7,142.1,9.3,2026,3.92,11:19:03,4/12/2022,0.37,0,0.001,-9999,-0.22,-0.435,-9999,1,150,0.005,2,0,mpf,10000,500,5,2,300,300,300,81.275581,25,-1.51622,80.509544,81.201271,-0.691727,2.417734,2.418399,1.65584,0.901721,0.300343,0.054795,0.110438,2.007823,69.346909,0.000489,2.390947,-0.0001,1,2.387769,-0.000073,1,0.601534,0.600729,0.107013,0,PSF-00342_20220412112429,PFA-00370,PSA-00387,PSF-00342,RHS-00171,1.0.0,2022-03-31T18:26:44.181Z
23,11:24:43,4/12/2022,gsw light adap,Shane,,ceol,12,1,0.066476,2.920285,0.064996,1.954885,0.47822,0.422374,3.477354,2.999134,4.153403,4.702565,34.194458,0.441786,PSF-00342_20220412112443,0,0,0,83.765747,100.213844,0.16413,0.5,0.8,127.268517,17.31,15.29,22.66,26.51,101.69,156.5,140.2,10.5,1939,3.92,11:19:03,4/12/2022,0.37,0.001,0.002,-9999,-2.685,-4.771,-9999,1,150,0.005,2,0,mpf,10000,500,5,2,300,300,300,95.714447,25,-5.667576,92.417122,94.524681,-2.107559,2.417718,2.418215,1.653934,0.896806,0.299444,0.047127,0.112317,1.925492,83.765747,0.000489,2.390947,-0.0001,1,2.387769,-0.000073,1,0.601534,0.600729,0.107013,0,PSF-00342_20220412112443,PFA-00370,PSA-00387,PSF-00342,RHS-00171,1.0.0,2022-03-31T18:26:44.181Z
24,11:24:59,4/12/2022,gsw light adap,Shane,,ceol,12,2,0.012541,2.92172,0.012487,0.393161,0.453202,0.44198,3.5915,3.138298,4.34592,4.456268,35.314651,0.441786,PSF-00342_20220412112459,0,0,0,44.175266,46.110683,0.041973,0.5,0.8,33.670784,16.32,15.91,22.75,27.06,101.7,156.7,155.7,0.7,2005,3.916,11:19:03,4/12/2022,0.37,0.002,0.003,-9999,-0.426,-0.829,-9999,1,150,0.005,2,0,mpf,10000,500,5,2,300,300,300,45.790672,25,-0.160307,45.584679,45.949764,-0.365086,2.418759,2.416509,1.655467,0.936148,0.298381,0.052781,0.114409,1.988302,44.175266,0.000485,2.390947,-0.0001,1,2.387769,-0.000073,1,0.601534,0.600729,0.107013,0,PSF-00342_20220412112459,PFA-00370,PSA-00387,PSF-00342,RHS-00171,1.0.0,2022-03-31T18:26:44.181Z
25,11:25:14,4/12/2022,gsw light adap,Shane,,ceol,12,3,0.02527,2.922195,0.025053,0.797939,0.419221,0.396448,3.594209,3.174987,3.898494,4.122441,35.343891,0.441786,PSF-00342_20220412112514,0,0,0,40.296078,41.989803,0.040337,0.5,0.8,31.268366,15.02,14.2,22.83,27.07,101.69,156.8,149.8,4.5,1938,3.919,11:19:03,4/12/2022,0.37,0.001,0.002,-9999,-0.013,-0.134,-9999,1,150,0.005,2,0,mpf,10000,500,5,2,300,300,300,41.989803,25,0.479998,41.945457,42.47163,-0.526173,2.415837,2.414261,1.655976,0.920982,0.297406,0.051968,0.116301,1.92496,40.296078,0.000482,2.390947,-0.0001,1,2.387769,-0.000073,1,0.601534,0.600729,0.107013,0,PSF-00342_20220412112514,PFA-00370,PSA-00387,PSF-00342,RHS-00171,1.0.0,2022-03-31T18:26:44.181Z
26,11:25:37,4/12/2022,gsw light adap,Shane,,ceol,17,1,0.044094,2.920249,0.043438,1.291018,0.42473,0.387829,3.390357,2.965628,3.813859,4.17673,33.34029,0.441786,PSF-00342_20220412112537,0,0,0,124.848961,143.251663,0.128464,0.5,0.8,102.593117,15.12,13.81,22.94,26.08,101.69,156.5,146.4,6.4,1997,3.918,11:19:03,4/12/2022,0.37,0.001,0.003,-9999,-2.295,-3.718,-9999,1,150,0.005,2,0,mpf,10000,500,5,2,300,300,300,141.790146,25,-2.31175,139.587875,140.931107,-1.343231,2.415137,2.414421,1.653896,0.912558,0.296147,0.038648,0.119209,1.9799,124.848961,0.000495,2.390947,-0.0001,1,2.387769,-0.000073,1,0.601534,0.600729,0.107013,0,PSF-00342_20220412112537,PFA-00370,PSA-00387,PSF-00342,RHS-00171,1.0.0,2022-03-31T18:26:44.181Z
27,11:26:02,4/12/2022,gsw light adap,Shane,,ceol,17,2,0.039246,2.921923,0.038726,1.230221,0.42284,0.387726,3.589257,3.166417,3.813123,4.158455,35.298843,0.441786,PSF-00342_20220412112602,0,0,0,76.393959,86.91568,0.121057,0.5,0.8,97.791656,14.96,13.72,23.04,27.05,101.68,156.7,155.6,0.7,2020,3.918,11:19:03,4/12/2022,0.37,0,0.002,-9999,-0.136,-0.233,-9999,1,150,0.005,2,0,mpf,10000,500,5,2,300,300,300,85.705879,25,-1.3111,84.934113,85.599586,-0.665474,2.414967,2.414129,1.655685,0.936081,0.29493,0.049201,0.122282,2.001486,76.393959,0.000486,2.390947,-0.0001,1,2.387769,-0.000073,1,0.601534,0.600729,0.107013,0,PSF-00342_20220412112602,PFA-00370,PSA-00387,PSF-00342,RHS-00171,1.0.0,2022-03-31T18:26:44.181Z
28,11:26:21,4/12/2022,gsw light adap,Shane,,ceol,17,3,0.026224,2.918991,0.025991,0.775332,0.403312,0.381122,3.380732,2.977419,3.747489,3.965678,33.241955,0.441786,PSF-00342_20220412112621,0,0,0,109.281067,120.053169,0.089728,0.5,0.8,72.603531,14.2,13.42,23.12,26.03,101.7,156.4,154.9,0.9,2023,3.917,11:19:03,4/12/2022,0.37,0.001,0.001,-9999,-0.301,-0.061,-9999,1,150,0.005,2,0,mpf,10000,500,5,2,300,300,300,120.053169,25,1.353603,120.367523,121.411926,-1.044403,2.414447,2.412804,1.652557,0.93413,0.294053,0.035969,0.124691,2.00462,109.281067,0.000487,2.390947,-0.0001,1,2.387769,-0.000073,1,0.601534,0.600729,0.107013,0,PSF-00342_20220412112621,PFA-00370,PSA-00387,PSF-00342,RHS-00171,1.0.0,2022-03-31T18:26:44.181Z
29,11:26:54,4/12/2022,gsw light adap,Shane,,ceol,1,1,0.052135,2.922645,0.051221,1.726372,0.432644,0.383393,3.789132,3.356488,3.769929,4.25421,37.258759,0.441786,PSF-00342_20220412112654,0,0,0,62.010529,70.373756,0.11884,0.5,0.8,94.808289,15.1,13.38,23.26,27.97,101.7,156.8,143,8.8,1994,3.916,11:19:03,4/12/2022,0.37,0.002,0.003,-9999,-0.07,-0.416,-9999,1,150,0.005,2,0,mpf,10000,500,5,2,300,300,300,70.055367,25,-0.355725,69.705605,70.016678,-0.311073,2.414356,2.414349,1.656459,0.903867,0.292324,0.057956,0.128754,1.977947,62.010529,0.000482,2.390947,-0.0001,1,2.387769,-0.000073,1,0.601534,0.600729,0.107013,0,PSF-00342_20220412112654,PFA-00370,PSA-00387,PSF-00342,RHS-00171,1.0.0,2022-03-31T18:26:44.181Z
30,11:27:10,4/12/2022,gsw light adap,Shane,,ceol,1,2,0.014422,2.921612,0.014351,0.468786,0.396285,0.382895,3.652207,3.255922,3.764919,3.896578,35.911308,0.441786,PSF-00342_20220412112710,0,0,0,38.901329,40.398361,0.037057,0.5,0.8,30.351028,13.77,13.3,23.34,27.34,101.7,156.7,153,2.4,2048,3.854,11:19:03,4/12/2022,0.37,0,0.001,-9999,-0.1,-0.069,-9999,1,150,0.005,2,0,mpf,10000,500,5,2,300,300,300,40.398361,25,0.449969,40.632248,40.850044,-0.217796,2.414202,2.412009,1.655352,0.929186,0.291387,0.049241,0.130792,2.027809,38.901329,0.000482,2.390947,-0.0001,1,2.387769,-0.000073,1,0.601534,0.600729,0.107013,0,PSF-00342_20220412112710,PFA-00370,PSA-00387,PSF-00342,RHS-00171,1.0.0,2022-03-31T18:26:44.181Z
31,11:27:23,4/12/2022,gsw light adap,Shane,,ceol,1,3,0.009487,2.920143,0.009456,0.306366,0.390776,0.382016,3.620643,3.229867,3.756531,3.842679,35.603397,0.441786,PSF-00342_20220412112723,0,0,0,25.473118,25.77424,0.011683,0.5,0.8,9.700489,13.53,13.22,23.4,27.2,101.69,156.5,153.5,2,2076,3.916,11:19:03,4/12/2022,0.37,0,0.002,-9999,-0.318,-0.432,-9999,1,150,0.005,2,0,mpf,10000,500,5,2,300,300,300,25.77424,25,0.695743,26.226282,26.472633,-0.246351,2.414062,2.411584,1.653784,0.930443,0.29073,0.046754,0.132234,2.054217,25.473118,0.000488,2.390947,-0.0001,1,2.387769,-0.000073,1,0.601534,0.600729,0.107013,0,PSF-00342_20220412112723,PFA-00370,PSA-00387,PSF-00342,RHS-00171,1.0.0,2022-03-31T18:26:44.181Z
32,11:27:48,4/12/2022,gsw light adap,Shane,,ceol,21,1,0.02403,2.921213,0.023834,0.820515,0.4441,0.420668,3.871034,3.426934,4.136357,4.366763,38.063267,0.441786,PSF-00342_20220412112748,0,0,0,39.386272,42.550205,0.074358,0.5,0.8,57.894897,15.25,14.45,23.53,28.34,101.7,156.6,148.8,5,1947,3.915,11:19:03,4/12/2022,0.37,0.001,0.003,-9999,0.142,0.007,-9999,1,150,0.005,2,0,mpf,10000,500,5,2,300,300,300,42.550205,25,0.052666,42.437195,42.603073,-0.165878,2.416152,2.414581,1.654926,0.918504,0.289233,0.059334,0.1353,1.932968,39.386272,0.000494,2.390947,-0.0001,1,2.387769,-0.000073,1,0.601534,0.600729,0.107013,0,PSF-00342_20220412112748,PFA-00370,PSA-00387,PSF-00342,RHS-00171,1.0.0,2022-03-31T18:26:44.181Z
33,11:28:31,4/12/2022,gsw light adap,Shane,,ceol,21,2,0.012712,2.921184,0.012657,0.391591,0.398551,0.387363,3.484665,3.086115,3.809219,3.919232,34.267193,0.441786,PSF-00342_20220412112831,0,0,0,36.468029,37.881016,0.037301,0.5,0.8,29.37973,13.54,13.16,23.71,26.55,101.69,156.6,155.1,1,1969,3.914,11:19:03,4/12/2022,0.37,0,0,0.012,-0.23,-0.423,-0.658,1,150,0.005,2,0,mpf,10000,500,5,2,300,300,300,37.881016,25,-0.023561,37.634613,37.857365,-0.222752,2.413908,2.411572,1.654894,0.934594,0.287153,0.035136,0.140497,1.954182,36.468029,0.000487,2.390947,-0.0001,1,2.387769,-0.000073,1,0.601534,0.600729,0.107013,0,PSF-00342_20220412112831,PFA-00370,PSA-00387,PSF-00342,RHS-00171,1.0.0,2022-03-31T18:26:44.181Z
34,11:29:33,4/12/2022,gsw light adap,Shane,,ceol,21,3,0.015641,2.922206,0.015558,0.527636,0.450351,0.435295,3.827004,3.376653,4.280117,4.428154,37.629681,0.441786,PSF-00342_20220412112933,0,0,0,48.666359,50.440907,0.035181,0.5,0.8,29.397366,15.08,14.57,23.96,28.14,101.7,156.8,141.9,9.5,2089,3.913,11:19:03,4/12/2022,0.37,0.001,0.002,-9999,-0.356,-1.013,-9999,1,150,0.005,2,0,mpf,10000,500,5,2,300,300,300,50.440907,25,0.61351,50.281761,51.056755,-0.774994,2.416294,2.414218,1.655988,0.901286,0.284327,0.051775,0.147836,2.066665,48.666359,0.000478,2.390947,-0.0001,1,2.387769,-0.000073,1,0.601534,0.600729,0.107013,0,PSF-00342_20220412112933,PFA-00370,PSA-00387,PSF-00342,RHS-00171,1.0.0,2022-03-31T18:26:44.181Z
35,11:30:06,4/12/2022,gsw light adap,Shane,,ceol,20,1,0.034821,2.923539,0.034411,1.178738,0.453197,0.419598,3.863232,3.410034,4.125533,4.455891,37.983749,0.441786,PSF-00342_20220412113006,0,0,0,87.195755,110.859779,0.213459,0.5,0.8,164.57933,15.01,13.9,24.14,28.31,101.71,156.9,146.7,6.5,1928,3.912,11:29:48,4/12/2022,0.32,0.001,0.003,-9999,-1.989,-3.646,-9999,1,150,0.005,2,0,mpf,10000,500,5,2,300,300,300,106.834534,25,-4.532952,104.971291,106.309563,-1.338272,2.415112,2.414168,1.657418,0.913177,0.282307,0.05164,0.151663,1.915169,87.195755,0.000481,2.390947,-0.0001,1,2.387769,-0.000073,1,0.601534,0.600729,0.107013,0,PSF-00342_20220412113006,PFA-00370,PSA-00387,PSF-00342,RHS-00171,1.0.0,2022-03-31T18:26:44.181Z
36,11:30:21,4/12/2022,gsw light adap,Shane,,ceol,20,2,0.011393,2.922445,0.011348,0.39413,0.435117,0.423872,3.891833,3.456716,4.168053,4.278629,38.26947,0.441786,PSF-00342_20220412113021,0,0,0,97.640633,106.169342,0.080331,0.5,0.8,66.773636,14.34,13.97,24.21,28.43,101.7,156.8,156,0.5,2078,3.911,11:29:48,4/12/2022,0.32,0,0.002,-9999,0.023,-0.012,-9999,1,150,0.005,2,0,mpf,10000,500,5,2,300,300,300,106.169342,25,1.937546,106.428978,108.114265,-1.685287,2.415231,2.413003,1.656244,0.936941,0.281431,0.052278,0.153376,2.056391,97.640633,0.000498,2.390947,-0.0001,1,2.387769,-0.000073,1,0.601534,0.600729,0.107013,0,PSF-00342_20220412113021,PFA-00370,PSA-00387,PSF-00342,RHS-00171,1.0.0,2022-03-31T18:26:44.181Z
37,11:30:47,4/12/2022,gsw light adap,Shane,,ceol,20,3,0.051961,2.92075,0.051052,1.776306,0.461115,0.410382,3.92307,3.461955,4.035554,4.534451,38.578148,0.441786,PSF-00342_20220412113047,0,0,0,145.652893,177.054047,0.177353,0.5,0.8,134.229218,15.1,13.43,24.33,28.57,101.69,156.6,153.1,2.2,1892,3.911,11:29:48,4/12/2022,0.32,0.002,0.002,0.017,-1.87,-4.2,-6.906,1,150,0.005,2,0,mpf,10000,500,5,2,300,300,300,177.054047,25,0.652316,177.653793,177.708847,-0.055054,2.414288,2.414292,1.654431,0.929513,0.280132,0.052595,0.15621,1.881949,145.652893,0.000491,2.390947,-0.0001,1,2.387769,-0.000073,1,0.601534,0.600729,0.107013,0,PSF-00342_20220412113047,PFA-00370,PSA-00387,PSF-00342,RHS-00171,1.0.0,2022-03-31T18:26:44.181Z
38,11:31:16,4/12/2022,gsw light adap,Shane,,rhov,42,1,0.031371,2.921402,0.031037,1.143552,0.420006,0.387348,4.083817,3.663812,3.809021,4.130166,40.158588,0.441786,PSF-00342_20220412113116,0,0,0,63.305855,72.751022,0.129829,0.5,0.8,108.575096,13.65,12.59,24.45,29.26,101.69,156.7,156.4,0.2,2091,3.91,11:29:48,4/12/2022,0.32,0,0.002,-9999,0.015,-0.414,-9999,1,150,0.005,2,0,mpf,10000,500,5,2,300,300,300,70.96946,25,-1.869173,70.228455,70.874733,-0.646278,2.4128,2.41176,1.655127,0.93807,0.278753,0.059754,0.159583,2.068272,63.305855,0.000494,2.390947,-0.0001,1,2.387769,-0.000073,1,0.601534,0.600729,0.107013,0,PSF-00342_20220412113116,PFA-00370,PSA-00387,PSF-00342,RHS-00171,1.0.0,2022-03-31T18:26:44.181Z
39,11:31:35,4/12/2022,gsw light adap,Shane,,rhov,42,2,0.029763,2.922901,0.029463,0.949032,0.402262,0.375186,3.613231,3.210969,3.689332,3.955579,35.530163,0.441786,PSF-00342_20220412113135,0,0,0,65.177322,72.645721,0.102806,0.5,0.8,81.807259,13.01,12.14,24.53,27.16,101.69,156.9,156.9,0,1989,3.91,11:29:48,4/12/2022,0.32,0,0.002,0.018,-0.661,-1.134,-1.927,1,150,0.005,2,0,mpf,10000,500,5,2,300,300,300,71.161865,25,-1.701936,70.105072,70.937302,-0.83223,2.412004,2.410635,1.656733,0.939363,0.277928,0.032881,0.161603,1.973176,65.177322,0.000493,2.390947,-0.0001,1,2.387769,-0.000073,1,0.601534,0.600729,0.107013,0,PSF-00342_20220412113135,PFA-00370,PSA-00387,PSF-00342,RHS-00171,1.0.0,2022-03-31T18:26:44.181Z
40,11:31:47,4/12/2022,gsw light adap,Shane,,rhov,42,3,0.030553,2.9241,0.030237,0.953151,0.401459,0.374292,3.54485,3.14339,3.680673,3.947825,34.85894,0.441786,PSF-00342_20220412113147,0,0,0,72.839142,81.584618,0.107195,0.5,0.8,87.462906,12.96,12.08,24.56,26.84,101.69,157,157.1,-0.1,2040,3.909,11:29:48,4/12/2022,0.32,0,0.003,-9999,-0.469,-0.958,-9999,1,150,0.005,2,0,mpf,10000,500,5,2,300,300,300,81.154343,25,-0.424098,80.826042,81.158905,-0.332863,2.411903,2.410536,1.658021,0.939864,0.277536,0.0285,0.162801,2.020494,72.839142,0.000485,2.390947,-0.0001,1,2.387769,-0.000073,1,0.601534,0.600729,0.107013,0,PSF-00342_20220412113147,PFA-00370,PSA-00387,PSF-00342,RHS-00171,1.0.0,2022-03-31T18:26:44.181Z
41,11:32:02,4/12/2022,gsw light adap,Shane,,rhov,11,1,0.015284,2.922446,0.015205,0.47757,0.404966,0.391336,3.537384,3.132417,3.847974,3.982,34.782791,0.441786,PSF-00342_20220412113202,0,0,0,64.845085,73.767319,0.120951,0.5,0.8,96.426315,13.04,12.6,24.61,26.8,101.7,156.8,156.5,0.2,1993,3.908,11:29:48,4/12/2022,0.32,0,0.003,-9999,-1.737,-2.839,-9999,1,150,0.005,2,0,mpf,10000,500,5,2,300,300,300,73.159576,25,-1.296317,71.853165,72.466064,-0.6129,2.412793,2.410662,1.656245,0.938253,0.276989,0.027474,0.164376,1.976667,64.845085,0.000493,2.390947,-0.0001,1,2.387769,-0.000073,1,0.601534,0.600729,0.107013,0,PSF-00342_20220412113202,PFA-00370,PSA-00387,PSF-00342,RHS-00171,1.0.0,2022-03-31T18:26:44.181Z
42,11:32:16,4/12/2022,gsw light adap,Shane,,rhov,11,2,0.013689,2.921571,0.013626,0.537972,0.401418,0.386052,4.323629,3.922211,3.795887,3.946973,42.512413,0.441786,PSF-00342_20220412113216,0,0,0,56.140064,64.990608,0.136182,0.5,0.8,110.507812,12.89,12.39,24.65,30.26,101.7,156.7,157,-0.2,2029,3.909,11:29:48,4/12/2022,0.32,0.001,0.003,-9999,-0.332,-0.248,-9999,1,150,0.005,2,0,mpf,10000,500,5,2,300,300,300,64.022537,25,-1.006193,63.585518,63.980583,-0.395065,2.412436,2.410398,1.655308,0.939507,0.276523,0.069811,0.165833,2.010057,56.140064,0.000491,2.390947,-0.0001,1,2.387769,-0.000073,1,0.601534,0.600729,0.107013,0,PSF-00342_20220412113216,PFA-00370,PSA-00387,PSF-00342,RHS-00171,1.0.0,2022-03-31T18:26:44.181Z
43,11:32:26,4/12/2022,gsw light adap,Shane,,rhov,11,3,0.005768,2.922791,0.005757,0.199851,0.394752,0.389049,3.851862,3.457109,3.825307,3.881384,37.873257,0.441786,PSF-00342_20220412113226,0,0,0,61.653255,68.306923,0.097408,0.5,0.8,79.606674,12.65,12.46,24.69,28.26,101.7,156.8,156.5,0.2,2043,3.908,11:29:48,4/12/2022,0.32,-0.001,0,-9999,-0.053,-0.206,-9999,1,150,0.005,2,0,mpf,10000,500,5,2,300,300,300,68.306923,25,0.315071,68.275093,68.623192,-0.348099,2.412551,2.409967,1.656615,0.938225,0.276127,0.044359,0.166831,2.023599,61.653255,0.000499,2.390947,-0.0001,1,2.387769,-0.000073,1,0.601534,0.600729,0.107013,0,PSF-00342_20220412113226,PFA-00370,PSA-00387,PSF-00342,RHS-00171,1.0.0,2022-03-31T18:26:44.181Z
44,11:32:43,4/12/2022,gsw light adap,Shane,,rhov,24,1,0.008059,2.920583,0.008037,0.250547,0.4231,0.415941,3.531589,3.108489,4.090251,4.160655,34.728714,0.441786,PSF-00342_20220412113243,0,0,0,79.265717,93.465988,0.15193,0.5,0.8,121.348587,13.51,13.28,24.75,26.77,101.69,156.6,156.7,-0.1,1997,3.908,11:29:48,4/12/2022,0.32,0.002,0.003,-9999,-0.569,-0.226,-9999,1,150,0.005,2,0,mpf,10000,500,5,2,300,300,300,90.737701,25,-3.290225,88.934898,90.163231,-1.228333,2.41396,2.411481,1.654253,0.93884,0.275499,0.02552,0.168676,1.980139,79.265717,0.000493,2.390947,-0.0001,1,2.387769,-0.000073,1,0.601534,0.600729,0.107013,0,PSF-00342_20220412113243,PFA-00370,PSA-00387,PSF-00342,RHS-00171,1.0.0,2022-03-31T18:26:44.181Z
45,11:33:02,4/12/2022,gsw light adap,Shane,,rhov,24,2,0.011453,2.918224,0.011408,0.33457,0.433702,0.424124,3.360697,2.926994,4.170407,4.264588,33.045685,0.441786,PSF-00342_20220412113302,0,0,0,105.849625,115.532394,0.08381,0.5,0.8,60.358604,13.8,13.49,24.81,25.93,101.7,156.3,156.1,0.1,1800,3.907,11:29:48,4/12/2022,0.32,0.001,0.002,-9999,-1.146,-2.119,-9999,1,150,0.005,2,0,mpf,10000,500,5,2,300,300,300,115.532394,25,1.633563,115.808846,117.17218,-1.363335,2.414318,2.411981,1.651743,0.93732,0.274844,0.01467,0.17077,1.79597,105.849625,0.000492,2.390947,-0.0001,1,2.387769,-0.000073,1,0.601534,0.600729,0.107013,0,PSF-00342_20220412113302,PFA-00370,PSA-00387,PSF-00342,RHS-00171,1.0.0,2022-03-31T18:26:44.181Z
46,11:33:14,4/12/2022,gsw light adap,Shane,,rhov,24,3,0.007176,2.921408,0.007158,0.257157,0.422436,0.415091,3.996885,3.574449,4.081327,4.153543,39.298801,0.441786,PSF-00342_20220412113314,0,0,0,31.514883,35.92704,0.122809,0.5,0.8,100.467018,13.41,13.18,24.84,28.89,101.71,156.7,135.9,13.2,2045,3.907,11:29:48,4/12/2022,0.32,0,0.001,-9999,-0.094,-0.266,-9999,1,150,0.005,2,0,mpf,10000,500,5,2,300,300,300,35.884022,25,-0.009702,35.820366,35.917301,-0.096935,2.413769,2.411298,1.655134,0.886364,0.274452,0.050414,0.172036,2.025546,31.514883,0.000499,2.390947,-0.0001,1,2.387769,-0.000073,1,0.601534,0.600729,0.107013,0,PSF-00342_20220412113314,PFA-00370,PSA-00387,PSF-00342,RHS-00171,1.0.0,2022-03-31T18:26:44.181Z
47,11:33:46,4/12/2022,gsw light adap,Shane,,rhov,34,1,0.070724,2.921803,0.069053,2.109872,0.445432,0.385203,3.492882,3.04745,3.787364,4.379544,34.34243,0.441786,PSF-00342_20220412113346,0,0,0,159.39296,197.928528,0.194694,0.5,0.8,155.468292,14.04,12.14,24.96,26.59,101.71,156.7,156.7,0,1996,3.906,11:29:48,4/12/2022,0.32,0.001,0.004,0.017,-1.046,-2.467,-5.402,1,150,0.005,2,0,mpf,10000,500,5,2,300,300,300,194.003815,25,-3.836286,192.929504,194.077637,-1.148132,2.411953,2.412389,1.655556,0.938899,0.273174,0.020714,0.175308,1.979694,159.39296,0.000494,2.390947,-0.0001,1,2.387769,-0.000073,1,0.601534,0.600729,0.107013,0,PSF-00342_20220412113346,PFA-00370,PSA-00387,PSF-00342,RHS-00171,1.0.0,2022-03-31T18:26:44.181Z
48,11:34:02,4/12/2022,gsw light adap,Shane,,rhov,34,2,0.081134,2.921635,0.078942,2.753668,0.462162,0.383563,3.933001,3.470839,3.771537,4.544388,38.672768,0.441786,PSF-00342_20220412113402,0,0,0,67.410706,96.611237,0.302248,0.5,0.8,229.303131,14.52,12.05,25.02,28.61,101.7,156.7,156.9,-0.1,1897,3.906,11:29:48,4/12/2022,0.32,0,0.002,0.023,-0.05,-0.085,0.265,1,150,0.005,2,0,mpf,10000,500,5,2,300,300,300,91.940399,25,-4.617957,91.212631,91.975693,-0.763062,2.411784,2.413214,1.655376,0.939274,0.272558,0.044872,0.176897,1.886202,67.410706,0.000496,2.390947,-0.0001,1,2.387769,-0.000073,1,0.601534,0.600729,0.107013,0,PSF-00342_20220412113402,PFA-00370,PSA-00387,PSF-00342,RHS-00171,1.0.0,2022-03-31T18:26:44.181Z
49,11:34:12,4/12/2022,gsw light adap,Shane,,rhov,34,3,0.048955,2.920902,0.048148,1.850788,0.439608,0.386732,4.259029,3.819422,3.802231,4.322095,41.873528,0.441786,PSF-00342_20220412113412,0,0,0,70.37294,90.53775,0.222723,0.5,0.8,179.555023,13.78,12.12,25.06,29.99,101.71,156.6,156.9,-0.2,2015,3.906,11:29:48,4/12/2022,0.32,-0.001,-0.001,-9999,-0.06,-0.111,-9999,1,150,0.005,2,0,mpf,10000,500,5,2,300,300,300,89.002846,25,-1.41366,89.222427,89.118706,0.103722,2.411902,2.411919,1.654594,0.939291,0.272127,0.061629,0.177923,1.997651,70.37294,0.000485,2.390947,-0.0001,1,2.387769,-0.000073,1,0.601534,0.600729,0.107013,0,PSF-00342_20220412113412,PFA-00370,PSA-00387,PSF-00342,RHS-00171,1.0.0,2022-03-31T18:26:44.181Z
50,11:34:28,4/12/2022,gsw light adap,Shane,,rhov,38,1,0.01616,2.921685,0.016071,0.638987,0.38605,0.367797,4.335845,3.949796,3.616414,3.795881,42.63274,0.441786,PSF-00342_20220412113428,0,0,0,63.858032,77.3256,0.174167,0.5,0.8,132.869965,12.06,11.49,25.12,30.31,101.7,156.7,156.1,0.4,1907,3.905,11:29:48,4/12/2022,0.32,0,0.002,-9999,0.176,1,-9999,1,150,0.005,2,0,mpf,10000,500,5,2,300,300,300,75.185181,25,-2.180548,74.326874,75.136749,-0.809875,2.410774,2.408868,1.65543,0.937166,0.271446,0.064802,0.179509,1.89612,63.858032,0.000494,2.390947,-0.0001,1,2.387769,-0.000073,1,0.601534,0.600729,0.107013,0,PSF-00342_20220412113428,PFA-00370,PSA-00387,PSF-00342,RHS-00171,1.0.0,2022-03-31T18:26:44.181Z
51,11:34:47,4/12/2022,gsw light adap,Shane,,rhov,38,2,0.054819,2.918379,0.053809,1.770541,0.421045,0.370361,3.699414,3.278368,3.641929,4.140336,36.378075,0.441786,PSF-00342_20220412113447,0,0,0,136.958237,172.475159,0.205925,0.5,0.8,163.237946,13.1,11.52,25.19,27.56,101.69,156.3,156.7,-0.3,1982,3.905,11:29:48,4/12/2022,0.32,0,0,0.002,-2.322,-4.712,-10.669,1,150,0.005,2,0,mpf,10000,500,5,2,300,300,300,167.67955,25,-4.867426,165.618179,167.589188,-1.971008,2.410825,2.410704,1.651907,0.938765,0.270719,0.029895,0.18153,1.966048,136.958237,0.000496,2.390947,-0.0001,1,2.387769,-0.000073,1,0.601534,0.600729,0.107013,0,PSF-00342_20220412113447,PFA-00370,PSA-00387,PSF-00342,RHS-00171,1.0.0,2022-03-31T18:26:44.181Z
52,11:34:58,4/12/2022,gsw light adap,Shane,,rhov,38,3,0.017582,2.922869,0.017477,0.656089,0.414778,0.396061,4.146816,3.732038,3.894538,4.078584,40.776386,0.441786,PSF-00342_20220412113458,0,0,0,59.080841,72.335571,0.183239,0.5,0.8,132.504181,12.88,12.29,25.22,29.53,101.7,156.8,156.4,0.3,1808,3.905,11:29:48,4/12/2022,0.32,0.001,0.001,-9999,-0.71,-0.72,-9999,1,150,0.005,2,0,mpf,10000,500,5,2,300,300,300,71.729065,25,-0.5553,71.703674,71.778152,-0.074478,2.412179,2.41031,1.656698,0.93809,0.270351,0.05381,0.182573,1.802857,59.080841,0.000492,2.390947,-0.0001,1,2.387769,-0.000073,1,0.601534,0.600729,0.107013,0,PSF-00342_20220412113458,PFA-00370,PSA-00387,PSF-00342,RHS-00171,1.0.0,2022-03-31T18:26:44.181Z
53,11:35:12,4/12/2022,gsw light adap,Shane,,rhov,15,1,0.020551,2.923936,0.020408,0.898749,0.413518,0.387899,4.778069,4.364551,3.814075,4.065981,46.981071,0.441786,PSF-00342_20220412113512,0,0,0,58.996796,71.686287,0.177014,0.5,0.8,141.997162,12.79,12,25.27,32.01,101.7,157,156.7,0.2,2005,3.904,11:29:48,4/12/2022,0.32,0,0.001,-9999,0.052,-0.067,-9999,1,150,0.005,2,0,mpf,10000,500,5,2,300,300,300,69.297554,25,-2.225822,68.688156,69.451988,-0.763832,2.41166,2.410162,1.657844,0.938852,0.269768,0.08472,0.183962,1.988265,58.996796,0.000495,2.390947,-0.0001,1,2.387769,-0.000073,1,0.601534,0.600729,0.107013,0,PSF-00342_20220412113512,PFA-00370,PSA-00387,PSF-00342,RHS-00171,1.0.0,2022-03-31T18:26:44.181Z
54,11:35:29,4/12/2022,gsw light adap,Shane,,rhov,15,2,0.013648,2.921643,0.013585,0.533214,0.398609,0.38338,4.298292,3.899683,3.769592,3.919338,42.263077,0.441786,PSF-00342_20220412113529,0,0,0,66.406487,75.238197,0.117383,0.5,0.8,91.886086,12.28,11.81,25.35,30.15,101.7,156.7,137,12.6,1957,3.904,11:29:48,4/12/2022,0.32,0,0.002,-9999,0.004,-0.016,-9999,1,150,0.005,2,0,mpf,10000,500,5,2,300,300,300,74.77462,25,-0.380672,74.580788,74.856079,-0.275291,2.411311,2.409238,1.655385,0.888862,0.268959,0.060082,0.185768,1.942784,66.406487,0.00049,2.390947,-0.0001,1,2.387769,-0.000073,1,0.601534,0.600729,0.107013,0,PSF-00342_20220412113529,PFA-00370,PSA-00387,PSF-00342,RHS-00171,1.0.0,2022-03-31T18:26:44.181Z
55,11:35:41,4/12/2022,gsw light adap,Shane,,rhov,15,3,0.026392,2.92161,0.026156,0.93885,0.434417,0.40761,4.005386,3.570969,4.007725,4.271302,39.382,0.441786,PSF-00342_20220412113541,0,0,0,102.543709,119.82,0.144185,0.5,0.8,112.209801,13.35,12.52,25.39,28.93,101.71,156.7,156.7,0,1946,3.903,11:29:48,4/12/2022,0.32,0,0.002,0.01,-0.284,-0.623,-1.383,1,150,0.005,2,0,mpf,10000,500,5,2,300,300,300,119.82,25,0.301211,119.882942,120.12236,-0.239418,2.412549,2.411117,1.65535,0.938853,0.268469,0.044199,0.186965,1.932106,102.543709,0.000493,2.390947,-0.0001,1,2.387769,-0.000073,1,0.601534,0.600729,0.107013,0,PSF-00342_20220412113541,PFA-00370,PSA-00387,PSF-00342,RHS-00171,1.0.0,2022-03-31T18:26:44.181Z
56,11:35:55,4/12/2022,gsw light adap,Shane,,rhov,39,1,0.025958,2.922025,0.02573,1.19954,0.422373,0.38813,5.036661,4.614288,3.816239,4.152933,49.522373,0.441786,PSF-00342_20220412113555,0,0,0,60.389755,71.152267,0.15126,0.5,0.8,122.639,12.94,11.89,25.44,32.95,101.7,156.7,153.9,1.8,2027,3.903,11:29:48,4/12/2022,0.32,0,0.001,-9999,0.007,-0.009,-9999,1,150,0.005,2,0,mpf,10000,500,5,2,300,300,300,68.821548,25,-2.242453,68.056229,68.901276,-0.845047,2.411435,2.410393,1.655794,0.93156,0.267934,0.094777,0.188333,2.008437,60.389755,0.000495,2.390947,-0.0001,1,2.387769,-0.000073,1,0.601534,0.600729,0.107013,0,PSF-00342_20220412113555,PFA-00370,PSA-00387,PSF-00342,RHS-00171,1.0.0,2022-03-31T18:26:44.181Z
57,11:36:10,4/12/2022,gsw light adap,Shane,,rhov,39,2,0.014313,2.919765,0.014243,0.614056,0.439764,0.422206,4.713322,4.273558,4.151376,4.324012,46.344093,0.441786,PSF-00342_20220412113610,0,0,0,44.940231,48.838974,0.079829,0.5,0.8,65.319328,13.42,12.88,25.51,31.77,101.7,156.5,145.4,7.1,2046,3.903,11:29:48,4/12/2022,0.32,0,0,-9999,-0.092,-0.227,-9999,1,150,0.005,2,0,mpf,10000,500,5,2,300,300,300,48.65992,25,-0.070221,48.598766,48.768486,-0.16972,2.413155,2.411227,1.653381,0.909904,0.26722,0.078697,0.189878,2.025942,44.940231,0.000496,2.390947,-0.0001,1,2.387769,-0.000073,1,0.601534,0.600729,0.107013,0,PSF-00342_20220412113610,PFA-00370,PSA-00387,PSF-00342,RHS-00171,1.0.0,2022-03-31T18:26:44.181Z
58,11:36:28,4/12/2022,gsw light adap,Shane,,rhov,39,3,0.027859,2.919308,0.027596,1.023325,0.441488,0.412218,4.128311,3.686823,4.05303,4.340827,40.590637,0.441786,PSF-00342_20220412113628,0,0,0,132.445694,152.32402,0.1305,0.5,0.8,102.479233,13.41,12.52,25.59,29.45,101.71,156.4,154.7,1.1,1963,3.903,11:29:48,4/12/2022,0.32,0,0.001,-9999,-1.233,-3.432,-9999,1,150,0.005,2,0,mpf,10000,500,5,2,300,300,300,151.601318,25,-0.820477,151.027679,151.500412,-0.472733,2.412513,2.4112,1.652895,0.933732,0.266382,0.048346,0.19174,1.948632,132.445694,0.00049,2.390947,-0.0001,1,2.387769,-0.000073,1,0.601534,0.600729,0.107013,0,PSF-00342_20220412113628,PFA-00370,PSA-00387,PSF-00342,RHS-00171,1.0.0,2022-03-31T18:26:44.181Z
59,11:39:23,4/12/2022,gsw light adap,Shane,,ceol,25,1,0.115837,2.92509,0.111424,3.84684,0.491567,0.382088,3.926711,3.435145,3.756697,4.833092,38.607502,0.441786,PSF-00342_20220412113923,0,0,0,66.642166,81.280075,0.180092,0.5,0.8,142.838104,14.2,11.04,26.43,28.59,101.71,157.1,141.3,10.1,1983,3.899,11:29:48,4/12/2022,0.32,0.001,0.003,0.018,-0.376,-0.716,-0.417,1,150,0.005,2,0,mpf,10000,500,5,2,300,300,300,79.688431,25,-1.623399,79.050423,79.65049,-0.600067,2.409802,2.412486,1.659088,0.899573,0.257604,0.027401,0.20945,1.967062,66.642166,0.000494,2.390947,-0.0001,1,2.387769,-0.000073,1,0.601534,0.600729,0.107013,0,PSF-00342_20220412113923,PFA-00370,PSA-00387,PSF-00342,RHS-00171,1.0.0,2022-03-31T18:26:44.181Z
60,11:39:50,4/12/2022,gsw light adap,Shane,,ceol,25,2,0.084514,2.921706,0.082138,2.829288,0.461928,0.381172,3.890216,3.428288,3.747865,4.541897,38.250465,0.441786,PSF-00342_20220412113950,0,0,0,74.84758,82.72213,0.095193,0.5,0.8,76.315643,13.29,10.96,26.51,28.43,101.7,156.7,153.8,1.8,2004,3.899,11:29:48,4/12/2022,0.32,0,0.003,0.009,-1.283,-3.249,-9.854,1,150,0.005,2,0,mpf,10000,500,5,2,300,300,300,82.192184,25,-0.665252,81.506607,82.054344,-0.547737,2.40966,2.410885,1.655453,0.93137,0.256845,0.024522,0.212143,1.98713,74.84758,0.000495,2.390947,-0.0001,1,2.387769,-0.000073,1,0.601534,0.600729,0.107013,0,PSF-00342_20220412113950,PFA-00370,PSA-00387,PSF-00342,RHS-00171,1.0.0,2022-03-31T18:26:44.181Z
61,11:40:12,4/12/2022,gsw light adap,Shane,,ceol,25,3,0.041045,2.921974,0.040476,1.540537,0.448694,0.404725,4.23064,3.781946,3.979312,4.411624,41.596245,0.441786,PSF-00342_20220412114012,0,0,0,43.680668,46.981575,0.07026,0.5,0.8,56.849213,12.86,11.6,26.57,29.88,101.71,156.7,129.9,17.1,2023,3.898,11:40:04,4/12/2022,0.46,0.001,0.004,-9999,-0.046,-0.221,-9999,1,150,0.005,2,0,mpf,10000,500,5,2,300,300,300,46.981575,25,0.13305,46.831726,47.115131,-0.283405,2.410772,2.409883,1.655739,0.871557,0.256219,0.041781,0.214306,2.004566,43.680668,0.000485,2.390947,-0.0001,1,2.387769,-0.000073,1,0.601534,0.600729,0.107013,0,PSF-00342_20220412114012,PFA-00370,PSA-00387,PSF-00342,RHS-00171,1.0.0,2022-03-31T18:26:44.181Z
62,11:40:52,4/12/2022,gsw light adap,Shane,,ceol,28,1,0.187455,2.921274,0.176152,6.061501,0.583043,0.410174,4.003913,3.42087,4.032918,5.732607,39.367325,0.441786,PSF-00342_20220412114052,0,0,0,75.783134,94.755898,0.200228,0.5,0.8,165.525024,16.61,11.69,26.67,28.92,101.71,156.6,150.4,4,2067,3.897,11:40:04,4/12/2022,0.46,0,0.002,0.015,-0.269,-0.567,-1.264,1,150,0.005,2,0,mpf,10000,500,5,2,300,300,300,94.205978,25,-0.827869,93.807938,93.924873,-0.116936,2.410912,2.416341,1.654991,0.922592,0.255211,0.028697,0.218272,2.045731,75.783134,0.000497,2.390947,-0.0001,1,2.387769,-0.000073,1,0.601534,0.600729,0.107013,0,PSF-00342_20220412114052,PFA-00370,PSA-00387,PSF-00342,RHS-00171,1.0.0,2022-03-31T18:26:44.181Z
63,11:41:07,4/12/2022,gsw light adap,Shane,,ceol,28,2,0.210247,2.924043,0.196144,6.438498,0.599267,0.416063,3.864826,3.265559,4.090488,5.891644,37.996712,0.441786,PSF-00342_20220412114107,0,0,0,75.168732,92.88063,0.190695,0.5,0.8,154.697266,17.04,11.83,26.7,28.31,101.71,157,149.5,4.7,2028,3.897,11:40:04,4/12/2022,0.46,0.001,0.003,0.018,-0.027,0.529,0.317,1,150,0.005,2,0,mpf,10000,500,5,2,300,300,300,91.506241,25,-1.344363,91.206909,91.531151,-0.324242,2.411159,2.417057,1.657959,0.920456,0.254862,0.020772,0.219722,2.009484,75.168732,0.000492,2.390947,-0.0001,1,2.387769,-0.000073,1,0.601534,0.600729,0.107013,0,PSF-00342_20220412114107,PFA-00370,PSA-00387,PSF-00342,RHS-00171,1.0.0,2022-03-31T18:26:44.181Z
64,11:41:20,4/12/2022,gsw light adap,Shane,,ceol,28,3,0.155282,2.921082,0.147444,5.20739,0.547629,0.399036,4.058525,3.510896,3.923204,5.384128,39.902225,0.441786,PSF-00342_20220412114120,0,0,0,80.546379,99.309792,0.188938,0.5,0.8,155.126251,15.55,11.33,26.72,29.16,101.71,156.6,148.2,5.4,2053,3.897,11:40:04,4/12/2022,0.46,0.001,0.003,0.016,-0.02,0.032,-0.01,1,150,0.005,2,0,mpf,10000,500,5,2,300,300,300,97.81694,25,-1.288002,98.213913,98.016884,0.197029,2.410279,2.414531,1.654786,0.917086,0.254628,0.030897,0.220894,2.032501,80.546379,0.000494,2.390947,-0.0001,1,2.387769,-0.000073,1,0.601534,0.600729,0.107013,0,PSF-00342_20220412114120,PFA-00370,PSA-00387,PSF-00342,RHS-00171,1.0.0,2022-03-31T18:26:44.181Z
65,11:41:38,4/12/2022,gsw light adap,Shane,,ceol,45,1,0.073887,2.923256,0.072065,2.620784,0.477863,0.403158,4.093574,3.615711,3.963825,4.698323,40.247807,0.441786,PSF-00342_20220412114138,0,0,0,58.810829,63.850166,0.078924,0.5,0.8,61.01656,13.55,11.43,26.75,29.31,101.71,156.9,144.8,7.7,1933,3.896,11:40:04,4/12/2022,0.46,0,0.001,0.017,-0.043,-0.009,-0.062,1,150,0.005,2,0,mpf,10000,500,5,2,300,300,300,63.850166,25,0.061905,63.76004,63.912308,-0.152267,2.410446,2.411067,1.657114,0.908402,0.254333,0.032389,0.222431,1.920071,58.810829,0.000493,2.390947,-0.0001,1,2.387769,-0.000073,1,0.601534,0.600729,0.107013,0,PSF-00342_20220412114138,PFA-00370,PSA-00387,PSF-00342,RHS-00171,1.0.0,2022-03-31T18:26:44.181Z
66,11:41:59,4/12/2022,gsw light adap,Shane,,ceol,45,2,0.104432,2.921188,0.100827,3.608047,0.491863,0.388861,4.050231,3.558368,3.823229,4.835934,39.821362,0.441786,PSF-00342_20220412114159,0,0,0,67.847015,75.391174,0.100067,0.5,0.8,77.431808,13.92,11,26.79,29.12,101.71,156.6,145.8,6.9,1935,3.896,11:40:04,4/12/2022,0.46,0.001,0.002,0.019,-0.209,-0.124,-0.102,1,150,0.005,2,0,mpf,10000,500,5,2,300,300,300,75.391174,25,0.590411,75.367928,75.983833,-0.615906,2.409688,2.411706,1.654899,0.910862,0.253991,0.029691,0.22436,1.921711,67.847015,0.000488,2.390947,-0.0001,1,2.387769,-0.000073,1,0.601534,0.600729,0.107013,0,PSF-00342_20220412114159,PFA-00370,PSA-00387,PSF-00342,RHS-00171,1.0.0,2022-03-31T18:26:44.181Z
67,11:42:49,4/12/2022,gsw light adap,Shane,,ceol,45,3,0.197005,2.922503,0.184564,6.560492,0.578727,0.391787,4.110894,3.532167,3.851847,5.689747,40.416203,0.441786,PSF-00342_20220412114249,0,0,0,82.945343,99.851547,0.169313,0.5,0.8,133.445511,16.33,11.06,26.83,29.38,101.71,156.8,153.7,2,1970,3.896,11:40:04,4/12/2022,0.46,0.001,0.003,0.011,-1.267,-3.452,-9.517,1,150,0.005,2,0,mpf,10000,500,5,2,300,300,300,98.461388,25,-1.392409,97.757935,98.453835,-0.6959,2.409778,2.415843,1.656306,0.931001,0.253549,0.032351,0.22909,1.955379,82.945343,0.000494,2.390947,-0.0001,1,2.387769,-0.000073,1,0.601534,0.600729,0.107013,0,PSF-00342_20220412114249,PFA-00370,PSA-00387,PSF-00342,RHS-00171,1.0.0,2022-03-31T18:26:44.181Z
68,11:43:14,4/12/2022,gsw light adap,Shane,,ceol,18,1,0.314757,2.919413,0.284124,8.356941,0.701663,0.463254,3.62952,2.927856,4.554723,6.898768,35.685509,0.441786,PSF-00342_20220412114314,0,0,0,87.063072,188.788025,0.538832,0.5,0.8,420.179779,19.77,13.05,26.86,27.24,101.71,156.4,154.3,1.3,1949,3.895,11:40:04,4/12/2022,0.46,0.007,0.003,0.013,-7.217,-2.033,-7.58,1,150,0.005,2,0,mpf,10000,500,5,2,300,300,300,175.048828,25,-13.390041,173.80571,175.346985,-1.541275,2.41325,2.421553,1.653006,0.932647,0.253257,0.005725,0.231292,1.935776,87.063072,0.000496,2.390947,-0.0001,1,2.387769,-0.000073,1,0.601534,0.600729,0.107013,0,PSF-00342_20220412114314,PFA-00370,PSA-00387,PSF-00342,RHS-00171,1.0.0,2022-03-31T18:26:44.181Z
69,11:43:37,4/12/2022,gsw light adap,Shane,,ceol,18,2,0.286132,2.923309,0.260622,8.56684,0.653433,0.4097,3.921086,3.267653,4.028658,6.425322,38.55674,0.441786,PSF-00342_20220412114337,0,0,0,98.120567,154.353561,0.364313,0.5,0.8,293.303711,18.37,11.52,26.9,28.56,101.7,156.9,152.5,2.8,2013,3.894,11:40:04,4/12/2022,0.46,0.001,0.004,0.018,-1.867,-4.41,-7.089,1,150,0.005,2,0,mpf,10000,500,5,2,300,300,300,145.29776,25,-9.975082,142.177826,144.340485,-2.162659,2.410582,2.419248,1.657171,0.92809,0.252898,0.021463,0.233469,1.995084,98.120567,0.000501,2.390947,-0.0001,1,2.387769,-0.000073,1,0.601534,0.600729,0.107013,0,PSF-00342_20220412114337,PFA-00370,PSA-00387,PSF-00342,RHS-00171,1.0.0,2022-03-31T18:26:44.181Z
70,11:43:53,4/12/2022,gsw light adap,Shane,,ceol,18,3,0.364774,2.922901,0.324302,9.669914,0.719258,0.444181,3.686491,2.967233,4.366894,7.071271,36.24316,0.441786,PSF-00342_20220412114353,0,0,0,96.095322,151.190765,0.36441,0.5,0.8,289.634766,20.2,12.48,26.91,27.5,101.72,156.9,151.9,3.1,1987,3.893,11:40:04,4/12/2022,0.46,0.003,0.001,0.01,-1.406,-3.61,-10.266,1,150,0.005,2,0,mpf,10000,500,5,2,300,300,300,141.30307,25,-10.222703,139.407272,140.929123,-1.521851,2.412251,2.422256,1.656733,0.926516,0.252748,0.008338,0.234843,1.970969,96.095322,0.000502,2.390947,-0.0001,1,2.387769,-0.000073,1,0.601534,0.600729,0.107013,0,PSF-00342_20220412114353,PFA-00370,PSA-00387,PSF-00342,RHS-00171,1.0.0,2022-03-31T18:26:44.181Z
71,11:44:11,4/12/2022,gsw light adap,Shane,,ceol,31,1,0.234884,2.920451,0.217399,7.138962,0.624932,0.421293,3.890515,3.265583,4.142385,6.144675,38.253693,0.441786,PSF-00342_20220412114411,0,0,0,78.209999,100.338943,0.220542,0.5,0.8,180.008224,17.54,11.82,26.92,28.43,101.7,156.5,152.1,2.8,2041,3.893,11:40:04,4/12/2022,0.46,0.003,0.004,0.017,-0.531,-1.028,-2.783,1,150,0.005,2,0,mpf,10000,500,5,2,300,300,300,98.746422,25,-1.486653,98.506805,98.846626,-0.339821,2.411115,2.417863,1.654112,0.926962,0.252619,0.019469,0.236407,2.021165,78.209999,0.000482,2.390947,-0.0001,1,2.387769,-0.000073,1,0.601534,0.600729,0.107013,0,PSF-00342_20220412114411,PFA-00370,PSA-00387,PSF-00342,RHS-00171,1.0.0,2022-03-31T18:26:44.181Z
72,11:44:28,4/12/2022,gsw light adap,Shane,,ceol,31,2,0.066034,2.921589,0.064575,2.327929,0.498186,0.431747,4.082592,3.584407,4.244512,4.897665,40.135986,0.441786,PSF-00342_20220412114428,0,0,0,107.251167,116.84346,0.082095,0.5,0.8,68.113968,13.96,12.1,26.95,29.26,101.72,156.7,156.1,0.4,2074,3.893,11:40:04,4/12/2022,0.46,0.001,0.001,0.011,-1.31,-3.045,-0.936,1,150,0.005,2,0,mpf,10000,500,5,2,300,300,300,116.84346,25,0.238382,116.378189,117.082748,-0.704559,2.411594,2.411769,1.655328,0.937171,0.252381,0.029449,0.237913,2.052792,107.251167,0.000497,2.390947,-0.0001,1,2.387769,-0.000073,1,0.601534,0.600729,0.107013,0,PSF-00342_20220412114428,PFA-00370,PSA-00387,PSF-00342,RHS-00171,1.0.0,2022-03-31T18:26:44.181Z
73,11:44:49,4/12/2022,gsw light adap,Shane,,ceol,31,3,0.256234,2.920941,0.235569,8.147639,0.668633,0.436391,4.10403,3.435397,4.290432,6.573759,40.349319,0.441786,PSF-00342_20220412114449,0,0,0,83.086609,105.517792,0.212582,0.5,0.8,178.232498,18.71,12.21,26.98,29.35,101.71,156.6,155.1,1,2096,3.893,11:40:04,4/12/2022,0.46,0.002,0.004,0.013,-1.698,-3.546,-4.811,1,150,0.005,2,0,mpf,10000,500,5,2,300,300,300,101.652145,25,-4.28995,99.961998,101.211502,-1.249504,2.41178,2.419796,1.654635,0.934588,0.252092,0.030222,0.23988,2.073249,83.086609,0.000487,2.390947,-0.0001,1,2.387769,-0.000073,1,0.601534,0.600729,0.107013,0,PSF-00342_20220412114449,PFA-00370,PSA-00387,PSF-00342,RHS-00171,1.0.0,2022-03-31T18:26:44.181Z
74,11:46:04,4/12/2022,gsw light adap,Shane,,hear,21,1,0.049315,2.92273,0.048497,1.938564,0.450067,0.39477,4.418353,3.968286,3.881378,4.425054,43.441223,0.441786,PSF-00342_20220412114604,0,0,0,62.635303,72.595238,0.137198,0.5,0.8,113.761765,12.5,10.96,27.11,30.64,101.71,156.8,152.2,3,2073,3.891,11:40:04,4/12/2022,0.46,0,0.002,0.009,-0.348,-0.383,-0.361,1,150,0.005,2,0,mpf,10000,500,5,2,300,300,300,72.595238,25,0.087776,72.687866,72.68335,0.004517,2.409573,2.409181,1.656549,0.927138,0.250783,0.044697,0.246709,2.051582,62.635303,0.000488,2.390947,-0.0001,1,2.387769,-0.000073,1,0.601534,0.600729,0.107013,0,PSF-00342_20220412114604,PFA-00370,PSA-00387,PSF-00342,RHS-00171,1.0.0,2022-03-31T18:26:44.181Z
75,11:46:20,4/12/2022,gsw light adap,Shane,,hear,21,2,0.042891,2.921504,0.042271,1.733757,0.479908,0.430418,4.548565,4.068657,4.231735,4.718301,44.720047,0.441786,PSF-00342_20220412114620,0,0,0,63.416363,73.654526,0.139003,0.5,0.8,113.382278,13.28,11.91,27.17,31.14,101.71,156.7,141.1,10,2039,3.891,11:40:04,4/12/2022,0.46,0,0,-9999,-0.179,-0.143,-9999,1,150,0.005,2,0,mpf,10000,500,5,2,300,300,300,72.977188,25,-0.758572,72.586655,72.893066,-0.306412,2.411227,2.410548,1.655236,0.899127,0.250177,0.050388,0.248022,2.019938,63.416363,0.000499,2.390947,-0.0001,1,2.387769,-0.000073,1,0.601534,0.600729,0.107013,0,PSF-00342_20220412114620,PFA-00370,PSA-00387,PSF-00342,RHS-00171,1.0.0,2022-03-31T18:26:44.181Z
76,11:46:31,4/12/2022,gsw light adap,Shane,,hear,21,3,0.028507,2.92267,0.028232,0.9523,0.470405,0.443245,3.828696,3.358292,4.357925,4.624959,37.643261,0.441786,PSF-00342_20220412114631,0,0,0,66.492676,69.828217,0.047768,0.5,0.8,39.498402,12.99,12.24,27.21,28.15,101.71,156.8,139.4,11.1,2067,3.888,11:40:04,4/12/2022,0.46,0.002,0.003,0,-1.543,-3.909,-12.873,1,150,0.005,2,0,mpf,10000,500,5,2,300,300,300,69.539665,25,-0.55992,68.711761,69.266167,-0.554405,2.411793,2.410033,1.656485,0.895017,0.24981,0.012669,0.248925,2.046199,66.492676,0.000498,2.390947,-0.0001,1,2.387769,-0.000073,1,0.601534,0.600729,0.107013,0,PSF-00342_20220412114631,PFA-00370,PSA-00387,PSF-00342,RHS-00171,1.0.0,2022-03-31T18:26:44.181Z
77,11:46:50,4/12/2022,gsw light adap,Shane,,hear,24,1,0.064918,2.922714,0.063508,2.318946,0.461679,0.395539,4.092361,3.630682,3.888947,4.539235,40.236176,0.441786,PSF-00342_20220412114650,0,0,0,98.58477,112.693108,0.125193,0.5,0.8,103.382607,12.7,10.88,27.26,29.3,101.71,156.8,151,3.7,2064,3.89,11:40:04,4/12/2022,0.46,0,0.002,0.006,-1.301,-3.404,-10.338,1,150,0.005,2,0,mpf,10000,500,5,2,300,300,300,111.145378,25,-1.795256,110.060333,110.891014,-0.830681,2.409415,2.409529,1.656532,0.924284,0.249252,0.026129,0.250522,2.043633,98.58477,0.000496,2.390947,-0.0001,1,2.387769,-0.000073,1,0.601534,0.600729,0.107013,0,PSF-00342_20220412114650,PFA-00370,PSA-00387,PSF-00342,RHS-00171,1.0.0,2022-03-31T18:26:44.181Z
78,11:47:04,4/12/2022,gsw light adap,Shane,,hear,24,2,0.064817,2.921589,0.06341,2.111002,0.49094,0.430697,3.805335,3.314395,4.234744,4.827076,37.415237,0.441786,PSF-00342_20220412114704,0,0,0,109.695198,131.77977,0.167587,0.5,0.8,136.084976,13.48,11.82,27.3,28.05,101.71,156.7,156.7,0,2030,3.889,11:40:04,4/12/2022,0.46,0,0.003,-9999,-3.23,-4.747,-9999,1,150,0.005,2,0,mpf,10000,500,5,2,300,300,300,123.702408,25,-10.735501,117.329475,121.00338,-3.673904,2.411065,2.410886,1.655328,0.938794,0.248891,0.010254,0.2517,2.011356,109.695198,0.000502,2.390947,-0.0001,1,2.387769,-0.000073,1,0.601534,0.600729,0.107013,0,PSF-00342_20220412114704,PFA-00370,PSA-00387,PSF-00342,RHS-00171,1.0.0,2022-03-31T18:26:44.181Z
79,11:47:13,4/12/2022,gsw light adap,Shane,,hear,24,3,0.089031,2.921105,0.086398,3.222016,0.516005,0.424036,4.220838,3.704833,4.168947,5.073144,41.497524,0.441786,PSF-00342_20220412114713,0,0,0,74.993492,85.371422,0.121562,0.5,0.8,97.90451,14.15,11.63,27.31,29.84,101.71,156.6,155.7,0.6,2013,3.889,11:40:04,4/12/2022,0.46,0,0.002,-9999,-0.243,-0.136,-9999,1,150,0.005,2,0,mpf,10000,500,5,2,300,300,300,85.313202,25,0.05359,85.258125,85.425217,-0.167091,2.410723,2.412056,1.65481,0.936239,0.248726,0.032151,0.252394,1.995786,74.993492,0.000498,2.390947,-0.0001,1,2.387769,-0.000073,1,0.601534,0.600729,0.107013,0,PSF-00342_20220412114713,PFA-00370,PSA-00387,PSF-00342,RHS-00171,1.0.0,2022-03-31T18:26:44.181Z
80,11:47:29,4/12/2022,gsw light adap,Shane,,hear,23,1,0.100125,2.920357,0.096806,3.303334,0.471397,0.377019,3.867785,3.396389,3.707068,4.635043,38.030293,0.441786,PSF-00342_20220412114729,0,0,0,81.509109,92.994698,0.123508,0.5,0.8,103.233253,12.91,10.33,27.34,28.33,101.7,156.5,156.3,0.1,2090,3.889,11:40:04,4/12/2022,0.46,0,0.002,0.022,-0.47,-0.58,-0.04,1,150,0.005,2,0,mpf,10000,500,5,2,300,300,300,90.886116,25,-2.371808,89.551094,90.613853,-1.062759,2.408416,2.409887,1.654012,0.937796,0.248482,0.013171,0.253717,2.067211,81.509109,0.000501,2.390947,-0.0001,1,2.387769,-0.000073,1,0.601534,0.600729,0.107013,0,PSF-00342_20220412114729,PFA-00370,PSA-00387,PSF-00342,RHS-00171,1.0.0,2022-03-31T18:26:44.181Z
81,11:47:54,4/12/2022,gsw light adap,Shane,,hear,23,2,0.095243,2.921334,0.092236,3.363648,0.509363,0.413366,4.133829,3.624466,4.064194,5.008029,40.643585,0.441786,PSF-00342_20220412114754,0,0,0,87.28981,101.641197,0.141197,0.5,0.8,112.785194,13.93,11.31,27.36,29.48,101.71,156.7,153.3,2.1,1997,3.888,11:40:04,4/12/2022,0.46,0.001,0.001,0.011,-0.356,-1.287,-3.029,1,150,0.005,2,0,mpf,10000,500,5,2,300,300,300,101.321701,25,-0.947984,100.328918,100.689606,-0.360687,2.410149,2.411669,1.655055,0.930072,0.248263,0.027075,0.255787,1.980296,87.28981,0.000492,2.390947,-0.0001,1,2.387769,-0.000073,1,0.601534,0.600729,0.107013,0,PSF-00342_20220412114754,PFA-00370,PSA-00387,PSF-00342,RHS-00171,1.0.0,2022-03-31T18:26:44.181Z
82,11:48:06,4/12/2022,gsw light adap,Shane,,hear,23,3,0.08299,2.924454,0.0807,2.784487,0.506978,0.427702,3.939811,3.432832,4.204966,4.984376,38.734394,0.441786,PSF-00342_20220412114806,0,0,0,82.11422,96.698975,0.150826,0.5,0.8,122.694313,13.86,11.69,27.37,28.64,101.71,157,156.6,0.3,2034,3.888,11:40:04,4/12/2022,0.46,0.003,0.005,0.014,-2.013,-4.406,-9.189,1,150,0.005,2,0,mpf,10000,500,5,2,300,300,300,94.130157,25,-3.287453,92.275497,93.399002,-1.123505,2.41082,2.411537,1.658402,0.938537,0.248146,0.016655,0.256756,2.014767,82.11422,0.000499,2.390947,-0.0001,1,2.387769,-0.000073,1,0.601534,0.600729,0.107013,0,PSF-00342_20220412114806,PFA-00370,PSA-00387,PSF-00342,RHS-00171,1.0.0,2022-03-31T18:26:44.181Z
83,11:48:24,4/12/2022,gsw light adap,Shane,,hear,3,1,0.099011,2.922107,0.095766,3.130722,0.495457,0.406155,3.750888,3.255431,3.993488,4.871546,36.880348,0.441786,PSF-00342_20220412114824,0,0,0,74.494957,88.975449,0.162747,0.5,0.8,129.5401,13.53,11.09,27.39,27.8,101.7,156.8,155.9,0.6,1990,3.888,11:40:04,4/12/2022,0.46,0,0.002,0.013,-1.074,-2.622,-6.05,1,150,0.005,2,0,mpf,10000,500,5,2,300,300,300,85.980537,25,-3.085105,84.632278,85.878593,-1.246315,2.409768,2.410967,1.655882,0.936669,0.248004,0.006145,0.258222,1.973678,74.494957,0.000493,2.390947,-0.0001,1,2.387769,-0.000073,1,0.601534,0.600729,0.107013,0,PSF-00342_20220412114824,PFA-00370,PSA-00387,PSF-00342,RHS-00171,1.0.0,2022-03-31T18:26:44.181Z
84,11:48:37,4/12/2022,gsw light adap,Shane,,hear,3,2,0.079062,2.922506,0.07698,2.452248,0.471818,0.401869,3.646319,3.174501,3.951072,4.638786,35.849628,0.441786,PSF-00342_20220412114837,0,0,0,105.747345,128.520828,0.177197,0.5,0.8,139.337662,12.88,10.97,27.39,27.32,101.71,156.8,155.8,0.6,1966,3.888,11:40:04,4/12/2022,0.46,0.001,0.003,-9999,-3.225,-4.244,-9999,1,150,0.005,2,0,mpf,10000,500,5,2,300,300,300,119.748833,25,-11.013614,113.58905,117.465263,-3.876213,2.409553,2.409827,1.656309,0.936509,0.247938,0.000192,0.259315,1.951128,105.747345,0.00049,2.390947,-0.0001,1,2.387769,-0.000073,1,0.601534,0.600729,0.107013,0,PSF-00342_20220412114837,PFA-00370,PSA-00387,PSF-00342,RHS-00171,1.0.0,2022-03-31T18:26:44.181Z
85,11:48:49,4/12/2022,gsw light adap,Shane,,hear,3,3,0.132072,2.919965,0.126357,4.068363,0.508432,0.392204,3.714992,3.206561,3.856395,4.999218,36.528126,0.441786,PSF-00342_20220412114849,0,0,0,186.641342,215.864182,0.135376,0.5,0.8,111.11528,13.88,10.71,27.4,27.64,101.7,156.5,156.4,0.1,2052,3.887,11:40:04,4/12/2022,0.46,0,0,0.009,-1.933,-4.474,-10.252,1,150,0.005,2,0,mpf,10000,500,5,2,300,300,300,215.864182,25,1.92923,216.207855,217.800766,-1.592911,2.409084,2.411571,1.653594,0.937903,0.247921,0.00404,0.26021,2.031909,186.641342,0.000494,2.390947,-0.0001,1,2.387769,-0.000073,1,0.601534,0.600729,0.107013,0,PSF-00342_20220412114849,PFA-00370,PSA-00387,PSF-00342,RHS-00171,1.0.0,2022-03-31T18:26:44.181Z
86,11:49:15,4/12/2022,gsw light adap,Shane,,hear,15,1,0.114191,2.920274,0.109894,3.495855,0.457878,0.357976,3.628295,3.170417,3.519678,4.501931,35.673996,0.441786,PSF-00342_20220412114915,0,0,0,90.542435,103.035187,0.121247,0.5,0.8,95.802689,12.51,9.78,27.38,27.23,101.71,156.5,131.4,16,1975,3.887,11:40:04,4/12/2022,0.46,0.001,0.002,-9999,-0.973,-1.544,-9999,1,150,0.005,2,0,mpf,10000,500,5,2,300,300,300,100.478767,25,-2.705358,99.102615,100.319527,-1.216911,2.40743,2.409171,1.653924,0.875224,0.248035,-0.000711,0.262305,1.960035,90.542435,0.000499,2.390947,-0.0001,1,2.387769,-0.000073,1,0.601534,0.600729,0.107013,0,PSF-00342_20220412114915,PFA-00370,PSA-00387,PSF-00342,RHS-00171,1.0.0,2022-03-31T18:26:44.181Z
87,11:49:39,4/12/2022,gsw light adap,Shane,,hear,15,2,0.079998,2.916571,0.077862,2.602642,0.451164,0.376566,3.78011,3.328946,3.702465,4.435933,37.166759,0.441786,PSF-00342_20220412114939,0,0,0,111.066345,124.035355,0.104559,0.5,0.8,85.591339,12.33,10.29,27.37,27.93,101.71,156.1,135.6,13.1,2046,3.887,11:40:04,4/12/2022,0.46,0.001,0.002,-9999,-0.402,-0.726,-9999,1,150,0.005,2,0,mpf,10000,500,5,2,300,300,300,124.035355,25,1.6003,124.322891,125.641747,-1.318855,2.408354,2.408864,1.649993,0.88558,0.248162,0.007962,0.264212,2.026759,111.066345,0.0005,2.390947,-0.0001,1,2.387769,-0.000073,1,0.601534,0.600729,0.107013,0,PSF-00342_20220412114939,PFA-00370,PSA-00387,PSF-00342,RHS-00171,1.0.0,2022-03-31T18:26:44.181Z
88,11:49:52,4/12/2022,gsw light adap,Shane,,hear,15,3,0.056126,2.922623,0.055069,1.763746,0.42594,0.375617,3.618497,3.192557,3.693294,4.188101,35.579239,0.441786,PSF-00342_20220412114952,0,0,0,97.779037,108.028648,0.094879,0.5,0.8,76.708679,11.66,10.28,27.35,27.19,101.7,156.8,137.4,12.4,2021,3.826,11:40:04,4/12/2022,0.46,0,-0.002,-9999,-0.067,-0.337,-9999,1,150,0.005,2,0,mpf,10000,500,5,2,300,300,300,108.028648,25,0.877763,108.144165,108.909752,-0.765587,2.408334,2.407668,1.656435,0.889954,0.248376,-0.000848,0.265333,2.00307,97.779037,0.0005,2.390947,-0.0001,1,2.387769,-0.000073,1,0.601534,0.600729,0.107013,0,PSF-00342_20220412114952,PFA-00370,PSA-00387,PSF-00342,RHS-00171,1.0.0,2022-03-31T18:26:44.181Z
89,11:50:48,4/12/2022,gsw light adap,Shane,,hear,4,1,0.049695,2.921005,0.048864,1.829725,0.436944,0.38468,4.159021,3.722077,3.78257,4.296489,40.895805,0.441786,PSF-00342_20220412115048,0,0,0,69.011093,79.959122,0.13692,0.5,0.8,109.622375,11.99,10.56,27.31,29.58,101.7,156.6,147.4,5.9,2002,3.885,11:40:04,4/12/2022,0.46,-0.001,0.001,-9999,-0.353,-0.089,-9999,1,150,0.005,2,0,mpf,10000,500,5,2,300,300,300,78.776123,25,-1.172506,78.193192,78.78215,-0.588959,2.40883,2.408264,1.654703,0.914896,0.248812,0.029065,0.269735,1.984628,69.011093,0.000497,2.390947,-0.0001,1,2.387769,-0.000073,1,0.601534,0.600729,0.107013,0,PSF-00342_20220412115048,PFA-00370,PSA-00387,PSF-00342,RHS-00171,1.0.0,2022-03-31T18:26:44.181Z
90,11:51:41,4/12/2022,gsw light adap,Shane,,hear,4,2,0.057522,2.91925,0.05641,2.031005,0.435476,0.377378,4.01704,3.581564,3.710612,4.281865,39.497948,0.441786,PSF-00342_20220412115141,0,0,0,75.116516,85.538864,0.121843,0.5,0.8,96.112686,11.94,10.35,27.32,28.98,101.7,156.4,151.3,3.2,1972,3.884,11:51:29,4/12/2022,0.28,0.002,0.004,-9999,-0.731,3.254,-9999,1,150,0.005,2,0,mpf,10000,500,5,2,300,300,300,85.538864,25,2.848572,85.422638,88.398285,-2.975647,2.408457,2.408501,1.652832,0.925035,0.248679,0.021445,0.274409,1.956937,75.116516,0.000501,2.390947,-0.0001,1,2.387769,-0.000073,1,0.601534,0.600729,0.107013,0,PSF-00342_20220412115141,PFA-00370,PSA-00387,PSF-00342,RHS-00171,1.0.0,2022-03-31T18:26:44.181Z
91,11:51:59,4/12/2022,gsw light adap,Shane,,hear,4,3,0.051197,2.921187,0.050316,1.735801,0.439029,0.389455,3.873072,3.434043,3.82951,4.316968,38.08387,0.441786,PSF-00342_20220412115159,0,0,0,88.629486,99.352554,0.107929,0.5,0.8,90.600449,12.04,10.68,27.32,28.35,101.7,156.6,132.7,15.3,2099,3.883,11:51:29,4/12/2022,0.28,0.001,0.001,0.002,-1.395,-3.361,-11.753,1,150,0.005,2,0,mpf,10000,500,5,2,300,300,300,98.75071,25,-0.738245,98.086594,98.611496,-0.524902,2.409045,2.408672,1.654898,0.878324,0.248671,0.013692,0.275912,2.07565,88.629486,0.000498,2.390947,-0.0001,1,2.387769,-0.000073,1,0.601534,0.600729,0.107013,0,PSF-00342_20220412115159,PFA-00370,PSA-00387,PSF-00342,RHS-00171,1.0.0,2022-03-31T18:26:44.181Z
92,12:07:28,4/12/2022,gsw light adap,Shane,,hear,9,1,0.03349,2.920979,0.033111,1.08595,0.380582,0.349548,3.649605,3.269023,3.437455,3.742645,35.890224,0.441786,PSF-00342_20220412120728,0,0,0,90.292809,98.443596,0.082797,0.5,0.8,63.80312,9.82,9.02,28.35,27.33,101.69,156.6,140.6,10.2,1927,3.866,11:51:29,4/12/2022,0.28,0,0.002,-9999,-1.346,-3.375,-9999,1,150,0.005,2,0,mpf,10000,500,5,2,300,300,300,98.106262,25,-0.462904,97.429276,97.978928,-0.549652,2.405942,2.404587,1.654676,0.897993,0.238684,-0.011321,0.347719,1.914209,90.292809,0.000496,2.390947,-0.0001,1,2.387769,-0.000073,1,0.601534,0.600729,0.107013,0,PSF-00342_20220412120728,PFA-00370,PSA-00387,PSF-00342,RHS-00171,1.0.0,2022-03-31T18:26:44.181Z
93,12:08:23,4/12/2022,gsw light adap,Shane,,hear,9,2,0.054267,2.923252,0.053278,2.097034,0.450028,0.390247,4.357943,3.907915,3.837647,4.425522,42.855492,0.441786,PSF-00342_20220412120823,0,0,0,100.539925,114.298164,0.120371,0.5,0.8,96.266068,11.64,10.09,28.32,30.39,101.69,156.9,155.6,0.8,1999,3.866,12:07:49,4/12/2022,0.32,0,0,0.001,-1.319,-3.391,-12.76,1,150,0.005,2,0,mpf,10000,500,5,2,300,300,300,113.86335,25,-0.42687,113.478897,113.869667,-0.39077,2.40787,2.407785,1.65711,0.935992,0.23899,0.026748,0.351822,1.982547,100.539925,0.00049,2.390947,-0.0001,1,2.387769,-0.000073,1,0.601534,0.600729,0.107013,0,PSF-00342_20220412120823,PFA-00370,PSA-00387,PSF-00342,RHS-00171,1.0.0,2022-03-31T18:26:44.181Z
94,12:08:45,4/12/2022,gsw light adap,Shane,,hear,9,3,0.06911,2.922492,0.067514,2.455585,0.436499,0.366443,4.053601,3.617102,3.603414,4.292311,39.861061,0.441786,PSF-00342_20220412120845,0,0,0,128.126266,156.309418,0.180304,0.5,0.8,146.016815,11.31,9.49,28.3,29.14,101.69,156.8,153.8,1.9,2025,3.865,12:07:49,4/12/2022,0.32,0,0.001,-9999,-1.363,-2.001,-9999,1,150,0.005,2,0,mpf,10000,500,5,2,300,300,300,147.86911,25,-10.219007,142.26329,146.051483,-3.788193,2.406795,2.407194,1.656294,0.931382,0.23923,0.011418,0.353327,2.006227,128.126266,0.000489,2.390947,-0.0001,1,2.387769,-0.000073,1,0.601534,0.600729,0.107013,0,PSF-00342_20220412120845,PFA-00370,PSA-00387,PSF-00342,RHS-00171,1.0.0,2022-03-31T18:26:44.181Z
95,12:09:34,4/12/2022,gsw light adap,Shane,,rhov,35,1,0.010416,2.921669,0.010379,0.445084,0.354002,0.341285,4.60856,4.254559,3.356119,3.481167,45.319477,0.441786,PSF-00342_20220412120934,0,0,0,69.439529,76.184753,0.088538,0.5,0.8,69.734283,9.14,8.82,28.34,31.37,101.69,156.7,154.8,1.2,1969,3.864,12:07:49,4/12/2022,0.32,0,0.001,-9999,-0.215,-0.141,-9999,1,150,0.005,2,0,mpf,10000,500,5,2,300,300,300,76.184753,25,0.13305,75.995567,76.318314,-0.322746,2.405567,2.403272,1.655413,0.934012,0.238797,0.038839,0.356508,1.954126,69.439529,0.000496,2.390947,-0.0001,1,2.387769,-0.000073,1,0.601534,0.600729,0.107013,0,PSF-00342_20220412120934,PFA-00370,PSA-00387,PSF-00342,RHS-00171,1.0.0,2022-03-31T18:26:44.181Z
96,12:10:12,4/12/2022,gsw light adap,Shane,,rhov,35,2,0.030483,2.922916,0.030169,1.191171,0.386638,0.35265,4.309106,3.922468,3.467813,3.802039,42.373989,0.441786,PSF-00342_20220412121012,0,0,0,103.58548,116.398994,0.110083,0.5,0.8,88.387856,9.99,9.11,28.34,30.2,101.69,156.9,156.8,0,2007,3.813,12:07:49,4/12/2022,0.32,0.001,0.001,0,-2.305,-4.294,-11.09,1,150,0.005,2,0,mpf,10000,500,5,2,300,300,300,114.975571,25,-1.553178,114.036438,114.839897,-0.803459,2.406102,2.404816,1.656749,0.939026,0.238814,0.024059,0.359121,1.990007,103.58548,0.000494,2.390947,-0.0001,1,2.387769,-0.000073,1,0.601534,0.600729,0.107013,0,PSF-00342_20220412121012,PFA-00370,PSA-00387,PSF-00342,RHS-00171,1.0.0,2022-03-31T18:26:44.181Z
97,12:10:26,4/12/2022,gsw light adap,Shane,,rhov,35,3,0.07044,2.923347,0.068783,2.693959,0.458923,0.382133,4.347816,3.888893,3.757621,4.512713,42.753273,0.441786,PSF-00342_20220412121026,0,0,0,73.275444,87.653961,0.164037,0.5,0.8,123.943985,11.86,9.87,28.34,30.35,101.7,156.9,156.4,0.3,1889,3.863,12:07:49,4/12/2022,0.32,0.002,0.003,-9999,0.018,0.066,-9999,1,150,0.005,2,0,mpf,10000,500,5,2,300,300,300,84.369423,25,-3.614535,82.607033,84.025658,-1.418625,2.407478,2.408174,1.657211,0.938087,0.238851,0.026058,0.360096,1.87899,73.275444,0.000496,2.390947,-0.0001,1,2.387769,-0.000073,1,0.601534,0.600729,0.107013,0,PSF-00342_20220412121026,PFA-00370,PSA-00387,PSF-00342,RHS-00171,1.0.0,2022-03-31T18:26:44.181Z
98,12:10:50,4/12/2022,gsw light adap,Shane,,rhov,50,1,0.068823,2.924195,0.06724,2.984336,0.493909,0.408937,4.887624,4.393715,4.021589,4.857218,48.066086,0.441786,PSF-00342_20220412121050,0,0,0,58.834076,70.354874,0.163753,0.5,0.8,130.973663,12.75,10.56,28.35,32.41,101.69,157,156.6,0.3,2000,3.862,12:07:49,4/12/2022,0.32,0.002,0.004,-9999,0.083,0.033,-9999,1,150,0.005,2,0,mpf,10000,500,5,2,300,300,300,69.769264,25,-0.521114,69.670555,69.831772,-0.161217,2.408691,2.409744,1.658123,0.938545,0.238696,0.051944,0.361836,1.982745,58.834076,0.000504,2.390947,-0.0001,1,2.387769,-0.000073,1,0.601534,0.600729,0.107013,0,PSF-00342_20220412121050,PFA-00370,PSA-00387,PSF-00342,RHS-00171,1.0.0,2022-03-31T18:26:44.181Z
99,12:11:09,4/12/2022,gsw light adap,Shane,,rhov,50,2,0.110958,2.922558,0.106899,4.326899,0.48988,0.366523,4.504473,4.014593,3.604648,4.817824,44.300159,0.441786,PSF-00342_20220412121109,0,0,0,62.037704,78.290916,0.2076,0.5,0.8,160.672058,12.63,9.45,28.37,30.97,101.68,156.8,156.9,0,1935,3.862,12:07:49,4/12/2022,0.32,0.001,0.002,0.017,0.185,0.024,0.052,1,150,0.005,2,0,mpf,10000,500,5,2,300,300,300,76.070663,25,-2.319142,75.274948,75.962944,-0.687996,2.406715,2.409535,1.656365,0.939243,0.238521,0.033408,0.363071,1.92206,62.037704,0.000492,2.390947,-0.0001,1,2.387769,-0.000073,1,0.601534,0.600729,0.107013,0,PSF-00342_20220412121109,PFA-00370,PSA-00387,PSF-00342,RHS-00171,1.0.0,2022-03-31T18:26:44.181Z
100,12:11:19,4/12/2022,gsw light adap,Shane,,rhov,50,3,0.055981,2.919095,0.054928,2.032883,0.416245,0.358087,4.096006,3.679761,3.521629,4.093588,40.28241,0.441786,PSF-00342_20220412121119,0,0,0,81.597092,91.496086,0.10819,0.5,0.8,84.192795,10.73,9.23,28.38,29.32,101.68,156.4,156.4,0,1945,3.862,12:07:49,4/12/2022,0.32,0.001,0.003,-9999,-0.985,-2.271,-9999,1,150,0.005,2,0,mpf,10000,500,5,2,300,300,300,91.378571,25,-0.103484,91.086746,91.392212,-0.305466,2.406318,2.406157,1.652668,0.938011,0.238487,0.012679,0.363798,1.932008,81.597092,0.000493,2.390947,-0.0001,1,2.387769,-0.000073,1,0.601534,0.600729,0.107013,0,PSF-00342_20220412121119,PFA-00370,PSA-00387,PSF-00342,RHS-00171,1.0.0,2022-03-31T18:26:44.181Z
101,12:11:32,4/12/2022,gsw light adap,Shane,,rhov,50,4,0.052362,2.922127,0.05144,2.028059,0.425308,0.367433,4.340201,3.914893,3.613591,4.182776,42.684589,0.441786,PSF-00342_20220412121132,0,0,0,61.071037,75.480881,0.190907,0.5,0.8,148.931549,10.97,9.47,28.37,30.32,101.68,156.8,153.9,1.8,1950,3.847,12:07:49,4/12/2022,0.32,0.001,0.004,-9999,0.114,0.408,-9999,1,150,0.005,2,0,mpf,10000,500,5,2,300,300,300,73.493599,25,-1.961569,72.914246,73.511841,-0.597595,2.406753,2.406577,1.655903,0.93159,0.23849,0.025205,0.364597,1.936544,61.071037,0.000497,2.390947,-0.0001,1,2.387769,-0.000073,1,0.601534,0.600729,0.107013,0,PSF-00342_20220412121132,PFA-00370,PSA-00387,PSF-00342,RHS-00171,1.0.0,2022-03-31T18:26:44.181Z
102,12:11:43,4/12/2022,gsw light adap,Shane,,rhov,48,1,0.085604,2.922465,0.083168,3.35708,0.462833,0.367098,4.467463,4.00463,3.610486,4.552064,43.938446,0.441786,PSF-00342_20220412121143,0,0,0,65.757034,90.929863,0.276838,0.5,0.8,209.32515,11.93,9.46,28.38,30.83,101.68,156.8,156.2,0.4,1890,3.835,12:07:49,4/12/2022,0.32,0.001,0.003,0.015,-0.227,-1.602,-1.167,1,150,0.005,2,0,mpf,10000,500,5,2,300,300,300,86.589935,25,-4.689102,85.101845,86.2229,-1.121056,2.406734,2.408297,1.656266,0.937384,0.238459,0.031506,0.365287,1.880268,65.757034,0.000492,2.390947,-0.0001,1,2.387769,-0.000073,1,0.601534,0.600729,0.107013,0,PSF-00342_20220412121143,PFA-00370,PSA-00387,PSF-00342,RHS-00171,1.0.0,2022-03-31T18:26:44.181Z
103,12:11:59,4/12/2022,gsw light adap,Shane,,rhov,48,2,0.032612,2.923117,0.032252,1.376266,0.416314,0.377069,4.646904,4.23059,3.708657,4.094644,45.704517,0.441786,PSF-00342_20220412121159,0,0,0,67.745445,83.539017,0.189056,0.5,0.8,146.194946,10.72,9.71,28.39,31.52,101.67,156.9,156.6,0.2,1933,3.86,12:07:49,4/12/2022,0.32,0,0,-9999,-0.147,0.143,-9999,1,150,0.005,2,0,mpf,10000,500,5,2,300,300,300,81.004501,25,-2.771883,79.862953,80.756577,-0.893623,2.407182,2.406142,1.656965,0.938506,0.238346,0.040099,0.366379,1.920509,67.745445,0.000496,2.390947,-0.0001,1,2.387769,-0.000073,1,0.601534,0.600729,0.107013,0,PSF-00342_20220412121159,PFA-00370,PSA-00387,PSF-00342,RHS-00171,1.0.0,2022-03-31T18:26:44.181Z
104,12:12:07,4/12/2022,gsw light adap,Shane,,rhov,48,3,0.048025,2.921287,0.047248,1.916125,0.458414,0.403715,4.481807,4.023393,3.970436,4.508388,44.077461,0.441786,PSF-00342_20220412121207,0,0,0,76.160789,87.766373,0.132233,0.5,0.8,104.972733,11.8,10.4,28.4,30.88,101.68,156.7,156.5,0.1,1985,3.86,12:07:49,4/12/2022,0.32,0,0,-9999,-0.887,-1.093,-9999,1,150,0.005,2,0,mpf,10000,500,5,2,300,300,300,85.718391,25,-2.2674,84.293602,85.490334,-1.196732,2.4084,2.408072,1.655004,0.938274,0.23829,0.031992,0.36695,1.968727,76.160789,0.00049,2.390947,-0.0001,1,2.387769,-0.000073,1,0.601534,0.600729,0.107013,0,PSF-00342_20220412121207,PFA-00370,PSA-00387,PSF-00342,RHS-00171,1.0.0,2022-03-31T18:26:44.181Z
105,12:12:29,4/12/2022,gsw light adap,Shane,,rhov,6,1,0.057795,2.923459,0.056675,2.497763,0.473582,0.402411,4.83787,4.364288,3.957524,4.657459,47.578197,0.441786,PSF-00342_20220412121229,0,0,0,59.445263,85.514671,0.304853,0.5,0.8,222.939606,12.18,10.35,28.42,32.23,101.68,156.9,156.2,0.4,1828,3.86,12:07:49,4/12/2022,0.32,0.001,0.003,-9999,0.367,0.896,-9999,1,150,0.005,2,0,mpf,10000,500,5,2,300,300,300,80.622551,25,-5.058686,79.187035,80.436722,-1.249687,2.408315,2.408733,1.657332,0.937581,0.238088,0.048823,0.368421,1.822044,59.445263,0.00049,2.390947,-0.0001,1,2.387769,-0.000073,1,0.601534,0.600729,0.107013,0,PSF-00342_20220412121229,PFA-00370,PSA-00387,PSF-00342,RHS-00171,1.0.0,2022-03-31T18:26:44.181Z
106,12:13:00,4/12/2022,gsw light adap,Shane,,rhov,6,2,0.074279,2.920367,0.072436,2.59641,0.434022,0.359824,3.999556,3.565534,3.538421,4.268069,39.330677,0.441786,PSF-00342_20220412121300,0,0,0,60.125114,97.583214,0.383858,0.5,0.8,301.413361,11.14,9.23,28.46,28.9,101.69,156.5,156.5,0,1963,3.859,12:07:49,4/12/2022,0.32,0.001,0.002,0.017,-1.105,-2.011,-2.501,1,150,0.005,2,0,mpf,10000,500,5,2,300,300,300,94.209198,25,-3.282833,93.179939,94.28788,-1.107941,2.40631,2.406876,1.654023,0.938311,0.237722,0.006598,0.37045,1.948494,60.125114,0.000497,2.390947,-0.0001,1,2.387769,-0.000073,1,0.601534,0.600729,0.107013,0,PSF-00342_20220412121300,PFA-00370,PSA-00387,PSF-00342,RHS-00171,1.0.0,2022-03-31T18:26:44.181Z
107,12:13:20,4/12/2022,gsw light adap,Shane,,rhov,6,3,0.066954,2.923434,0.065454,2.469269,0.476119,0.405757,4.223639,3.74752,3.990222,4.682169,41.535378,0.441786,PSF-00342_20220412121320,0,0,0,60.504913,68.225403,0.113162,0.5,0.8,89.84436,12.21,10.41,28.46,29.85,101.69,156.9,155.7,0.8,1985,3.859,12:07:49,4/12/2022,0.32,0.003,0.003,-9999,-0.105,-0.113,-9999,1,150,0.005,2,0,mpf,10000,500,5,2,300,300,300,68.109512,25,-0.050818,67.984344,68.174393,-0.190048,2.408412,2.408786,1.657305,0.936233,0.237659,0.018203,0.371661,1.96896,60.504913,0.000494,2.390947,-0.0001,1,2.387769,-0.000073,1,0.601534,0.600729,0.107013,0,PSF-00342_20220412121320,PFA-00370,PSA-00387,PSF-00342,RHS-00171,1.0.0,2022-03-31T18:26:44.181Z
108,12:13:44,4/12/2022,gsw light adap,Shane,,rhov,44,1,0.022814,2.920073,0.022637,0.979704,0.388757,0.360744,4.679743,4.290986,3.547788,3.823293,46.023655,0.441786,PSF-00342_20220412121344,0,0,0,67.311287,87.852753,0.233817,0.5,0.8,169.201813,9.97,9.25,28.47,31.64,101.68,156.5,156.3,0.1,1809,3.858,12:07:49,4/12/2022,0.32,0,0.002,-9999,-0.047,-0.1,-9999,1,150,0.005,2,0,mpf,10000,500,5,2,300,300,300,84.624771,25,-3.141467,83.97818,84.699318,-0.721138,2.406337,2.404765,1.653709,0.937702,0.237587,0.040677,0.373203,1.804101,67.311287,0.000497,2.390947,-0.0001,1,2.387769,-0.000073,1,0.601534,0.600729,0.107013,0,PSF-00342_20220412121344,PFA-00370,PSA-00387,PSF-00342,RHS-00171,1.0.0,2022-03-31T18:26:44.181Z
109,12:14:27,4/12/2022,gsw light adap,Shane,,rhov,44,2,0.060516,2.923423,0.059289,2.434542,0.463435,0.394051,4.536457,4.073021,3.874991,4.557299,44.610317,0.441786,PSF-00342_20220412121427,0,0,0,72.144272,89.700104,0.195717,0.5,0.8,148.330353,11.86,10.09,28.5,31.1,101.69,156.9,156.5,0.3,1895,3.857,12:07:49,4/12/2022,0.32,0,0.001,-9999,0.055,0.06,-9999,1,150,0.005,2,0,mpf,10000,500,5,2,300,300,300,87.536934,25,-2.079836,86.960434,87.612343,-0.651909,2.407835,2.408162,1.657293,0.938163,0.237314,0.033391,0.375835,1.884379,72.144272,0.000505,2.390947,-0.0001,1,2.387769,-0.000073,1,0.601534,0.600729,0.107013,0,PSF-00342_20220412121427,PFA-00370,PSA-00387,PSF-00342,RHS-00171,1.0.0,2022-03-31T18:26:44.181Z
110,12:14:39,4/12/2022,gsw light adap,Shane,,rhov,44,3,0.035792,2.922165,0.035359,1.415806,0.422204,0.381798,4.397483,3.975279,3.754545,4.151898,43.244225,0.441786,PSF-00342_20220412121439,0,0,0,75.716972,102.397163,0.260556,0.5,0.8,193.451782,10.8,9.77,28.5,30.55,101.69,156.8,155.4,0.9,1856,3.858,12:07:49,4/12/2022,0.32,0,0.001,-9999,-1.514,-1.054,-9999,1,150,0.005,2,0,mpf,10000,500,5,2,300,300,300,98.363045,25,-4.049721,97.305176,98.332016,-1.02684,2.40727,2.406274,1.655944,0.935502,0.237276,0.026484,0.376532,1.848207,75.716972,0.000488,2.390947,-0.0001,1,2.387769,-0.000073,1,0.601534,0.600729,0.107013,0,PSF-00342_20220412121439,PFA-00370,PSA-00387,PSF-00342,RHS-00171,1.0.0,2022-03-31T18:26:44.181Z
111,12:14:53,4/12/2022,gsw light adap,Shane,,rhov,10,1,0.048017,2.922223,0.047241,1.905819,0.446205,0.391833,4.449633,4.003428,3.853472,4.388198,43.75985,0.441786,PSF-00342_20220412121453,0,0,0,79.981682,115.547722,0.307804,0.5,0.8,242.910843,11.41,10.02,28.51,30.76,101.68,156.8,156.5,0.2,1973,3.793,12:07:49,4/12/2022,0.32,0.001,0.002,-9999,-0.367,-1.14,-9999,1,150,0.005,2,0,mpf,10000,500,5,2,300,300,300,108.495712,25,-7.670723,106.094238,107.847786,-1.753548,2.407721,2.407364,1.656006,0.938196,0.237211,0.028988,0.377398,1.957764,79.981682,0.000499,2.390947,-0.0001,1,2.387769,-0.000073,1,0.601534,0.600729,0.107013,0,PSF-00342_20220412121453,PFA-00370,PSA-00387,PSF-00342,RHS-00171,1.0.0,2022-03-31T18:26:44.181Z
112,12:15:08,4/12/2022,gsw light adap,Shane,,rhov,10,2,0.018211,2.924013,0.018098,0.767678,0.4431,0.421229,4.648296,4.205196,4.142597,4.357689,45.713936,0.441786,PSF-00342_20220412121508,0,0,0,67.888138,81.989059,0.171985,0.5,0.8,128.609818,11.33,10.77,28.52,31.53,101.68,157,156,0.6,1869,3.857,12:07:49,4/12/2022,0.32,-0.001,-0.001,-9999,0.022,-0.157,-9999,1,150,0.005,2,0,mpf,10000,500,5,2,300,300,300,81.138252,25,-0.750256,81.048843,81.235947,-0.187103,2.409039,2.407206,1.657927,0.937016,0.237085,0.038508,0.378483,1.860723,67.888138,0.000487,2.390947,-0.0001,1,2.387769,-0.000073,1,0.601534,0.600729,0.107013,0,PSF-00342_20220412121508,PFA-00370,PSA-00387,PSF-00342,RHS-00171,1.0.0,2022-03-31T18:26:44.181Z
113,12:15:23,4/12/2022,gsw light adap,Shane,,rhov,10,3,0.054536,2.923147,0.053537,2.016297,0.461348,0.403879,4.20279,3.741441,3.972223,4.537447,41.33522,0.441786,PSF-00342_20220412121523,0,0,0,94.431282,112.279945,0.158966,0.5,0.8,121.933693,11.79,10.32,28.53,29.76,101.68,156.9,156.4,0.3,1918,3.795,12:07:49,4/12/2022,0.32,0.001,0.001,0.004,-1.487,-3.645,-11.081,1,150,0.005,2,0,mpf,10000,500,5,2,300,300,300,109.546425,25,-2.714597,108.586906,109.555008,-0.968102,2.408244,2.408024,1.656997,0.93801,0.237007,0.016278,0.379386,1.905865,94.431282,0.000495,2.390947,-0.0001,1,2.387769,-0.000073,1,0.601534,0.600729,0.107013,0,PSF-00342_20220412121523,PFA-00370,PSA-00387,PSF-00342,RHS-00171,1.0.0,2022-03-31T18:26:44.181Z
114,12:15:44,4/12/2022,gsw light adap,Shane,,rhov,9,1,0.103569,2.921992,0.100024,3.896604,0.522025,0.410923,4.387471,3.865446,4.041374,5.134047,43.150215,0.441786,PSF-00342_20220412121544,0,0,0,104.815002,139.446472,0.24835,0.5,0.8,195.013809,13.32,10.49,28.55,30.51,101.68,156.7,156.2,0.3,1963,3.856,12:07:49,4/12/2022,0.32,0,0.003,0.016,-1.746,-4.163,-8.953,1,150,0.005,2,0,mpf,10000,500,5,2,300,300,300,135.088211,25,-4.477515,133.941299,134.951904,-1.010605,2.408538,2.410717,1.655758,0.937595,0.236817,0.02538,0.380838,1.948537,104.815002,0.00049,2.390947,-0.0001,1,2.387769,-0.000073,1,0.601534,0.600729,0.107013,0,PSF-00342_20220412121544,PFA-00370,PSA-00387,PSF-00342,RHS-00171,1.0.0,2022-03-31T18:26:44.181Z
115,12:16:03,4/12/2022,gsw light adap,Shane,,rhov,9,2,0.104681,2.924829,0.101064,4.324324,0.546371,0.423383,4.782931,4.236559,4.163977,5.373571,47.040211,0.441786,PSF-00342_20220412121603,0,0,0,74.204208,113.790794,0.347889,0.5,0.8,283.493774,13.92,10.79,28.58,32.03,101.68,157.1,156.8,0.2,2037,3.797,12:07:49,4/12/2022,0.32,0.001,0.002,-9999,-0.364,-0.233,-9999,1,150,0.005,2,0,mpf,10000,500,5,2,300,300,300,104.169128,25,-10.043455,101.20475,103.709084,-2.504333,2.409065,2.41175,1.658806,0.938937,0.236546,0.044204,0.382023,2.018089,74.204208,0.000502,2.390947,-0.0001,1,2.387769,-0.000073,1,0.601534,0.600729,0.107013,0,PSF-00342_20220412121603,PFA-00370,PSA-00387,PSF-00342,RHS-00171,1.0.0,2022-03-31T18:26:44.181Z
116,12:16:20,4/12/2022,gsw light adap,Shane,,rhov,9,3,0.051613,2.922405,0.050717,1.98268,0.489234,0.432701,4.369317,3.880082,4.255427,4.811402,42.970295,0.441786,PSF-00342_20220412121620,0,0,0,105.242371,134.066452,0.214998,0.5,0.8,167.949005,12.45,11.01,28.6,30.44,101.68,156.8,156.5,0.2,1953,3.856,12:07:49,4/12/2022,0.32,0,0,-9999,-2.28,-1.081,-9999,1,150,0.005,2,0,mpf,10000,500,5,2,300,300,300,127.907394,25,-7.190264,124.600769,126.848801,-2.248032,2.409456,2.409184,1.656201,0.938237,0.236342,0.023847,0.383044,1.938979,105.242371,0.000496,2.390947,-0.0001,1,2.387769,-0.000073,1,0.601534,0.600729,0.107013,0,PSF-00342_20220412121620,PFA-00370,PSA-00387,PSF-00342,RHS-00171,1.0.0,2022-03-31T18:26:44.181Z
