SYS,SYS,SYS,SYS,SYS,USERDEF,USERDEF,USERDEF,USERDEF,PORO,PORO,PORO,PORO,PORO,PORO,PORO,PORO,PORO,PORO,PORO,PORO,FLUORO,FLUORO,FLUORO,FLUORO,FLUORO,FLUORO,FLUORO,FLUORO,FLUORO,FLUORO,SENSOR,SENSOR,SENSOR,SENSOR,SENSOR,SENSOR,SENSOR,SENSOR,SENSOR,SENSOR,MATCH,MATCH,MATCH,STABILITY,STABILITY,STABILITY,STABILITY,STABILITY,STABILITY,P_CONFIG,P_CONFIG,P_CONFIG,P_CONFIG,FL_CONFIG,FL_CONFIG,FL_CONFIG,FL_CONFIG,FL_CONFIG,FL_CONFIG,FL_CONFIG,FL_CONFIG,FL_CONFIG,FL_CONFIG,FL_CONFIG,FL_CONFIG,FL_CONFIG,FL_CONFIG,FL_CONFIG,SENSOR_V,SENSOR_V,SENSOR_V,SENSOR_V,SENSOR_V,SENSOR_V,SENSOR_V,SENSOR_V,SENSOR_V,SENSOR_V,USERCAL,USERCAL,USERCAL,USERCAL,USERCAL,USERCAL,USERCAL,USERCAL,USERCAL,USERCAL,META,META,META,META,META,META,META
Obs#,Time,Date,configName,configAuthor,remark,species,plant id,leaf #,gsw,gbw,gtw,E_apparent,VPcham,VPref,VPleaf,VPDleaf,H2O_r,H2O_s,H2O_leaf,leaf_area,flashID,Fo,Fm,Fv/Fm,Fs,Fm',PhiPS2,PS2/1,abs,ETR,rh_s,rh_r,Tref,Tleaf,P_atm,flow,flow_s,leak_pct,Qamb,batt,match_time,match_date,rh_adj,gsw1sec,gsw2sec,gsw4sec,flr1sec,flr2sec,flr4sec,auto,flow_set,gsw_limit,gsw_period,dark,flash_type,flash_intensity,modrate,flr_limit,flr_period,P1_dur,P2_dur,P3_dur,P1_Fmax,P2_ramp,P2_slp,P3_Fmax,P3_Pred,P3_DeltaF,v_humA,v_humB,v_flowIn,v_flowOut,v_temp,v_irt,v_pres,v_par,v_F,i_LED,b_rhr,m_rhr,span_rhr,b_rhs,m_rhs,span_rhs,z_flowIn,z_flowOut,z_quantum,z_flr,flashId,lciSerNum,lcpSerNum,lcfSerNum,lcrhSerNum,version,configUpdatedAt
,HHMMSS,YYYYMMDD,,,,,,,mol+1m-2s-1,mol+1m-2s-1,mol+1m-2s-1,mmol+1m-2s-1,kPa,kPa,kPa,kPa,mmol+1mol-1,mmol+1mol-1,mmol+1mol-1,cm+2,,,,,,,,,,umol+1m-2s-1,%,%,C,C,kPa,umol+1sec-1,umol+1sec-1,%,umol+1m-2s-1,V,HHMMSS,YYYYMMDD,%,,,,,,,,umol+1sec-1,(umol+1m-2s-1)s-1,s,,,umol+1m-2s-1,Hz,s-1,s,ms,ms,ms,,%,,,,,V,V,V,V,V,V,V,V,V,A,,,,,,,,,,,,,,,,,
1,9:20:28,4/12/2022,dark adapted,Shane Dewees,,ceol,31,1,0.029958,2.921151,0.029653,0.453701,0.538547,0.525604,2.074282,1.535735,5.16917,5.29646,20.399996,0.441786,PSF-00342_20220412092028,84.061501,316.038239,0.734015,0,0,0,0.5,0.8,0.002906,24.74,24.14,18.79,18.02,101.68,156.6,151.9,3,0,3.946,9:20:01,4/12/2022,0.26,-9999,-9999,-9999,-9999,-9999,-9999,1,150,-9999,-9999,1,rectangular,6000,5,1,2,55537,55537,55537,0,-9999,0,0,0,0,2.432917,2.431274,1.654859,0.926398,0.349741,-0.007022,0.050916,0.107022,84.061501,0.000224,2.390947,-0.0001,1,2.387769,-0.000073,1,0.601534,0.600729,0.107013,0,PSF-00342_20220412092028,PFA-00370,PSA-00387,PSF-00342,RHS-00171,1.0.0,2022-03-31T16:59:57.778Z
2,9:20:40,4/12/2022,dark adapted,Shane Dewees,,ceol,31,2,0.04096,2.923342,0.040394,0.61637,0.55858,0.541029,2.090004,1.531425,5.320587,5.49318,20.553513,0.441786,PSF-00342_20220412092040,96.834541,401.546356,0.758846,0,0,0,0.5,0.8,0.004161,25.64,24.83,18.81,18.14,101.69,156.9,152.5,2.8,0,3.945,9:20:01,4/12/2022,0.26,-9999,-9999,-9999,-9999,-9999,-9999,1,150,-9999,-9999,1,rectangular,6000,5,1,2,55537,55537,55537,0,-9999,0,0,0,0,2.434003,2.432717,1.657206,0.927902,0.34957,-0.005818,0.052585,0.107026,96.834541,0.000224,2.390947,-0.0001,1,2.387769,-0.000073,1,0.601534,0.600729,0.107013,0,PSF-00342_20220412092040,PFA-00370,PSA-00387,PSF-00342,RHS-00171,1.0.0,2022-03-31T16:59:57.778Z
3,9:20:58,4/12/2022,dark adapted,Shane Dewees,,ceol,31,3,-0.007328,2.918545,-0.007347,-0.121332,0.530903,0.534372,2.187915,1.657012,5.254689,5.220576,21.514635,0.441786,PSF-00342_20220412092058,71.858887,364.28653,0.802741,0,0,0,0.5,0.8,0.0033,24.34,24.5,18.83,18.87,101.69,156.3,-19,112.2,0,3.944,9:20:01,4/12/2022,0.26,-9999,-9999,-9999,-9999,-9999,-9999,1,150,-9999,-9999,1,rectangular,6000,5,1,2,55537,55537,55537,0,-9999,0,0,0,0,2.43347,2.430624,1.652084,0.567695,0.349296,0.00216,0.05522,0.107023,71.858887,0.000226,2.390947,-0.0001,1,2.387769,-0.000073,1,0.601534,0.600729,0.107013,0,PSF-00342_20220412092058,PFA-00370,PSA-00387,PSF-00342,RHS-00171,1.0.0,2022-03-31T16:59:57.778Z
4,9:21:26,4/12/2022,dark adapted,Shane Dewees,,hear,3,1,0.025705,2.92089,0.025481,0.402505,0.558108,0.546624,2.143161,1.585053,5.37514,5.488068,21.07445,0.441786,PSF-00342_20220412092126,85.401894,450.752747,0.810535,0,0,0,0.5,0.8,0.002096,25.53,25,18.86,18.54,101.69,156.6,157.5,-0.5,0,3.943,9:20:01,4/12/2022,0.26,-9999,-9999,-9999,-9999,-9999,-9999,1,150,-9999,-9999,1,rectangular,6000,5,1,2,55537,55537,55537,0,-9999,0,0,0,0,2.434255,2.432527,1.65458,0.940768,0.348773,-0.001977,0.059231,0.107019,83.310844,0.000244,2.390947,-0.0001,1,2.387769,-0.000073,1,0.601534,0.600729,0.107013,0,PSF-00342_20220412092126,PFA-00370,PSA-00387,PSF-00342,RHS-00171,1.0.0,2022-03-31T16:59:57.778Z
5,9:21:34,4/12/2022,dark adapted,Shane Dewees,,hear,3,2,0.105612,2.919681,0.101925,1.486589,0.601647,0.559211,2.065364,1.463718,5.499135,5.916433,20.310247,0.441786,PSF-00342_20220412092134,93.086243,502.963531,0.814924,0,0,0,0.5,0.8,0.002107,27.5,25.56,18.88,17.95,101.69,156.5,102.2,34.7,0,3.943,9:20:01,4/12/2022,0.26,-9999,-9999,-9999,-9999,-9999,-9999,1,150,-9999,-9999,1,rectangular,6000,5,1,2,55537,55537,55537,0,-9999,0,0,0,0,2.435122,2.435653,1.653292,0.806394,0.348588,-0.008714,0.060256,0.107019,93.086243,0.000229,2.390947,-0.0001,1,2.387769,-0.000073,1,0.601534,0.600729,0.107013,0,PSF-00342_20220412092134,PFA-00370,PSA-00387,PSF-00342,RHS-00171,1.0.0,2022-03-31T16:59:57.778Z
6,9:21:42,4/12/2022,dark adapted,Shane Dewees,,hear,3,3,0.061612,2.921767,0.06034,0.946775,0.601328,0.574347,2.175122,1.573794,5.648072,5.913404,21.389946,0.441786,PSF-00342_20220412092142,86.034897,433.846222,0.801693,0,0,0,0.5,0.8,0.003663,27.46,26.22,18.89,18.78,101.69,156.7,139.8,10.8,0,3.942,9:20:01,4/12/2022,0.26,-9999,-9999,-9999,-9999,-9999,-9999,1,150,-9999,-9999,1,rectangular,6000,5,1,2,55537,55537,55537,0,-9999,0,0,0,0,2.436163,2.435589,1.655517,0.896,0.348393,0.000374,0.061274,0.107024,86.034897,0.000224,2.390947,-0.0001,1,2.387769,-0.000073,1,0.601534,0.600729,0.107013,0,PSF-00342_20220412092142,PFA-00370,PSA-00387,PSF-00342,RHS-00171,1.0.0,2022-03-31T16:59:57.778Z
7,9:22:08,4/12/2022,dark adapted,Shane Dewees,,hear,4,1,0.005731,2.919971,0.005719,0.083723,0.555682,0.553291,2.025368,1.469687,5.440935,5.464442,19.916988,0.441786,PSF-00342_20220412092208,93.789337,442.909607,0.788243,0,0,0,0.5,0.8,0.002639,25.29,25.18,18.94,17.64,101.69,156.5,142.1,9.2,0,3.907,9:20:01,4/12/2022,0.26,-9999,-9999,-9999,-9999,-9999,-9999,1,150,-9999,-9999,1,rectangular,6000,5,1,2,55537,55537,55537,0,-9999,0,0,0,0,2.434521,2.432134,1.6536,0.901596,0.347668,-0.012911,0.064949,0.107021,93.789337,0.000224,2.390947,-0.0001,1,2.387769,-0.000073,1,0.601534,0.600729,0.107013,0,PSF-00342_20220412092208,PFA-00370,PSA-00387,PSF-00342,RHS-00171,1.0.0,2022-03-31T16:59:57.778Z
8,9:22:14,4/12/2022,dark adapted,Shane Dewees,,hear,4,2,0.136059,2.921008,0.130003,1.919282,0.626515,0.571799,2.107606,1.481091,5.622993,6.161055,20.725899,0.441786,PSF-00342_20220412092214,98.061203,412.359253,0.762195,0,0,0,0.5,0.8,0.003017,28.49,26,18.96,18.28,101.69,156.6,68.5,56.2,0,3.94,9:20:01,4/12/2022,0.26,-9999,-9999,-9999,-9999,-9999,-9999,1,150,-9999,-9999,1,rectangular,6000,5,1,2,55537,55537,55537,0,-9999,0,0,0,0,2.435802,2.437202,1.654706,0.732846,0.347478,-0.006013,0.065732,0.107022,98.061203,0.000226,2.390947,-0.0001,1,2.387769,-0.000073,1,0.601534,0.600729,0.107013,0,PSF-00342_20220412092214,PFA-00370,PSA-00387,PSF-00342,RHS-00171,1.0.0,2022-03-31T16:59:57.778Z
9,9:22:23,4/12/2022,dark adapted,Shane Dewees,,hear,4,3,0.01736,2.921251,0.017258,0.271714,0.570449,0.562699,2.150129,1.57968,5.53337,5.609571,21.143539,0.441786,PSF-00342_20220412092223,91.982605,376.939056,0.755975,0,0,0,0.5,0.8,0.003108,25.91,25.56,18.97,18.6,101.69,156.6,151.7,3.2,0,3.94,9:20:01,4/12/2022,0.26,-9999,-9999,-9999,-9999,-9999,-9999,1,150,-9999,-9999,1,rectangular,6000,5,1,2,55537,55537,55537,0,-9999,0,0,0,0,2.435105,2.43312,1.654967,0.92584,0.347222,-0.00265,0.0668,0.107023,91.982605,0.000227,2.390947,-0.0001,1,2.387769,-0.000073,1,0.601534,0.600729,0.107013,0,PSF-00342_20220412092223,PFA-00370,PSA-00387,PSF-00342,RHS-00171,1.0.0,2022-03-31T16:59:57.778Z
10,9:22:50,4/12/2022,dark adapted,Shane Dewees,,ceol,45,1,-0.010833,2.918477,-0.010874,-0.160484,0.547812,0.552399,2.029486,1.481674,5.432722,5.387606,19.959541,0.441786,PSF-00342_20220412092250,74.316498,284.450409,0.738737,0,0,0,0.5,0.8,0.002361,24.78,24.98,19.04,17.68,101.68,156.3,113.4,27.4,0,3.94,9:20:01,4/12/2022,0.26,-9999,-9999,-9999,-9999,-9999,-9999,1,150,-9999,-9999,1,rectangular,6000,5,1,2,55537,55537,55537,0,-9999,0,0,0,0,2.434189,2.431291,1.652012,0.832249,0.346266,-0.013689,0.070618,0.10702,74.316498,0.000225,2.390947,-0.0001,1,2.387769,-0.000073,1,0.601534,0.600729,0.107013,0,PSF-00342_20220412092250,PFA-00370,PSA-00387,PSF-00342,RHS-00171,1.0.0,2022-03-31T16:59:57.778Z
11,9:23:01,4/12/2022,dark adapted,Shane Dewees,,ceol,45,2,0.032105,2.909721,0.031755,0.483972,0.577923,0.563997,2.107253,1.52933,5.546481,5.683434,20.723238,0.441786,PSF-00342_20220412092301,82.718971,262.356873,0.684708,0,0,0,0.5,0.8,0.002606,26.09,25.46,19.07,18.27,101.69,155.2,-2,101.3,0,3.94,9:20:01,4/12/2022,0.26,-9999,-9999,-9999,-9999,-9999,-9999,1,150,-9999,-9999,1,rectangular,6000,5,1,2,55537,55537,55537,0,-9999,0,0,0,0,2.434937,2.433393,1.64281,0.597245,0.345882,-0.00734,0.071941,0.107022,82.718971,0.000224,2.390947,-0.0001,1,2.387769,-0.000073,1,0.601534,0.600729,0.107013,0,PSF-00342_20220412092301,PFA-00370,PSA-00387,PSF-00342,RHS-00171,1.0.0,2022-03-31T16:59:57.778Z
12,9:23:20,4/12/2022,dark adapted,Shane Dewees,,ceol,45,3,0.012349,2.921586,0.012297,0.193502,0.565958,0.560442,2.144595,1.578636,5.511832,5.566088,21.09166,0.441786,PSF-00342_20220412092320,89.48243,258.968353,0.654466,0,0,0,0.5,0.8,0.001293,25.47,25.22,19.12,18.55,101.68,156.7,124.3,20.6,0,3.939,9:20:01,4/12/2022,0.26,-9999,-9999,-9999,-9999,-9999,-9999,1,150,-9999,-9999,1,rectangular,6000,5,1,2,55537,55537,55537,0,-9999,0,0,0,0,2.434542,2.432386,1.655324,0.858116,0.345144,-0.004804,0.074445,0.107018,85.069298,0.000227,2.390947,-0.0001,1,2.387769,-0.000073,1,0.601534,0.600729,0.107013,0,PSF-00342_20220412092320,PFA-00370,PSA-00387,PSF-00342,RHS-00171,1.0.0,2022-03-31T16:59:57.778Z
13,9:23:53,4/12/2022,dark adapted,Shane Dewees,,rhov,48,1,-0.004514,2.921911,-0.004521,-0.068948,0.550479,0.552444,2.080992,1.530513,5.433942,5.414612,20.469009,0.441786,PSF-00342_20220412092353,70.993065,247.936249,0.713664,0,0,0,0.5,0.8,0.017626,24.62,24.71,19.22,18.07,101.67,156.7,157.3,-0.4,0,3.938,9:20:01,4/12/2022,0.26,-9999,-9999,-9999,-9999,-9999,-9999,1,150,-9999,-9999,1,rectangular,6000,5,1,2,55537,55537,55537,0,-9999,0,0,0,0,2.43372,2.43101,1.655673,0.940478,0.343798,-0.011272,0.078853,0.107071,70.993065,0.000229,2.390947,-0.0001,1,2.387769,-0.000073,1,0.601534,0.600729,0.107013,0,PSF-00342_20220412092353,PFA-00370,PSA-00387,PSF-00342,RHS-00171,1.0.0,2022-03-31T16:59:57.778Z
14,9:23:58,4/12/2022,dark adapted,Shane Dewees,,rhov,48,2,0.055266,2.91914,0.054239,0.808898,0.609116,0.586019,2.10539,1.496274,5.76301,5.990155,20.704769,0.441786,PSF-00342_20220412092358,71.869614,278.210876,0.741672,0,0,0,0.5,0.8,0.01255,27.22,26.19,19.24,18.26,101.69,156.4,157.8,-0.9,0,3.937,9:20:01,4/12/2022,0.26,-9999,-9999,-9999,-9999,-9999,-9999,1,150,-9999,-9999,1,rectangular,6000,5,1,2,55537,55537,55537,0,-9999,0,0,0,0,2.436024,2.435144,1.652716,0.94153,0.343572,-0.009386,0.079457,0.107053,71.869614,0.000242,2.390947,-0.0001,1,2.387769,-0.000073,1,0.601534,0.600729,0.107013,0,PSF-00342_20220412092358,PFA-00370,PSA-00387,PSF-00342,RHS-00171,1.0.0,2022-03-31T16:59:57.778Z
15,9:24:09,4/12/2022,dark adapted,Shane Dewees,,rhov,48,3,0.027692,2.922529,0.027432,0.416446,0.574138,0.562276,2.097366,1.523228,5.530284,5.646953,20.6287,0.441786,PSF-00342_20220412092409,70.613625,337.022064,0.790478,0,0,0,0.5,0.8,0.003491,25.6,25.07,19.27,18.2,101.67,156.8,156.9,-0.1,0,3.937,9:20:01,4/12/2022,0.26,-9999,-9999,-9999,-9999,-9999,-9999,1,150,-9999,-9999,1,rectangular,6000,5,1,2,55537,55537,55537,0,-9999,0,0,0,0,2.434276,2.432568,1.656334,0.939402,0.343099,-0.010453,0.08088,0.107023,70.613625,0.00024,2.390947,-0.0001,1,2.387769,-0.000073,1,0.601534,0.600729,0.107013,0,PSF-00342_20220412092409,PFA-00370,PSA-00387,PSF-00342,RHS-00171,1.0.0,2022-03-31T16:59:57.778Z
16,9:24:40,4/12/2022,dark adapted,Shane Dewees,,rhov,10,1,0.076186,2.92962,0.074255,1.172173,0.599513,0.566318,2.182699,1.583185,5.569476,5.895933,21.465824,0.441786,PSF-00342_20220412092440,77.255486,325.391998,0.762577,0,0,0,0.5,0.8,0.0036,26.57,25.1,19.37,18.84,101.68,157.7,-15.7,110,0,3.937,9:20:01,4/12/2022,0.26,-9999,-9999,-9999,-9999,-9999,-9999,1,150,-9999,-9999,1,rectangular,6000,5,1,2,55537,55537,55537,0,-9999,0,0,0,0,2.434303,2.434099,1.664,0.573347,0.341787,-0.004402,0.084866,0.107024,77.255486,0.000226,2.390947,-0.0001,1,2.387769,-0.000073,1,0.601534,0.600729,0.107013,0,PSF-00342_20220412092440,PFA-00370,PSA-00387,PSF-00342,RHS-00171,1.0.0,2022-03-31T16:59:57.778Z
17,9:24:46,4/12/2022,dark adapted,Shane Dewees,,rhov,10,2,0.02703,2.922446,0.026783,0.40211,0.580344,0.56889,2.086884,1.50654,5.595087,5.707739,20.524693,0.441786,PSF-00342_20220412092446,82.934616,387.01416,0.785706,0,0,0,0.5,0.8,0.002511,25.69,25.18,19.39,18.12,101.68,156.8,157.4,-0.4,0,3.936,9:20:01,4/12/2022,0.26,-9999,-9999,-9999,-9999,-9999,-9999,1,150,-9999,-9999,1,rectangular,6000,5,1,2,55537,55537,55537,0,-9999,0,0,0,0,2.434422,2.432687,1.656245,0.940506,0.341481,-0.012676,0.08566,0.10702,82.934616,0.000241,2.390947,-0.0001,1,2.387769,-0.000073,1,0.601534,0.600729,0.107013,0,PSF-00342_20220412092446,PFA-00370,PSA-00387,PSF-00342,RHS-00171,1.0.0,2022-03-31T16:59:57.778Z
18,9:24:53,4/12/2022,dark adapted,Shane Dewees,,rhov,10,3,0.099209,2.937579,0.095968,1.437207,0.618463,0.578031,2.12068,1.502217,5.684904,6.082545,20.85677,0.441786,PSF-00342_20220412092453,67.030548,267.326111,0.749256,0,0,0,0.5,0.8,0.006851,27.34,25.55,19.41,18.38,101.68,158.7,-0.1,100.1,0,3.936,9:20:01,4/12/2022,0.26,-9999,-9999,-9999,-9999,-9999,-9999,1,150,-9999,-9999,1,rectangular,6000,5,1,2,55537,55537,55537,0,-9999,0,0,0,0,2.434999,2.435304,1.672765,0.600582,0.341199,-0.010052,0.086388,0.107034,67.030548,0.000224,2.390947,-0.0001,1,2.387769,-0.000073,1,0.601534,0.600729,0.107013,0,PSF-00342_20220412092453,PFA-00370,PSA-00387,PSF-00342,RHS-00171,1.0.0,2022-03-31T16:59:57.778Z
19,9:25:14,4/12/2022,dark adapted,Shane Dewees,,hear,15,1,-0.046619,2.915498,-0.047376,-0.741729,0.531516,0.552771,2.102775,1.571259,5.436497,5.227456,20.68078,0.441786,PSF-00342_20220412092514,91.858864,341.66156,0.731141,0,0,0,0.5,0.8,0.010587,23.4,24.33,19.48,18.24,101.68,155.9,79.4,49.1,0,3.936,9:20:01,4/12/2022,0.26,-9999,-9999,-9999,-9999,-9999,-9999,1,150,-9999,-9999,1,rectangular,6000,5,1,2,55537,55537,55537,0,-9999,0,0,0,0,2.433068,2.428982,1.64886,0.755968,0.340253,-0.012346,0.089112,0.107047,91.858864,0.000243,2.390947,-0.0001,1,2.387769,-0.000073,1,0.601534,0.600729,0.107013,0,PSF-00342_20220412092514,PFA-00370,PSA-00387,PSF-00342,RHS-00171,1.0.0,2022-03-31T16:59:57.778Z
20,9:25:20,4/12/2022,dark adapted,Shane Dewees,,hear,15,2,0.072758,2.915405,0.070987,1.090808,0.618161,0.586926,2.159292,1.541131,5.772219,6.079401,21.235893,0.441786,PSF-00342_20220412092520,101.10247,404.802551,0.750242,0,0,0,0.5,0.8,0.012351,27.17,25.8,19.5,18.66,101.68,155.9,107.2,31.3,0,3.935,9:20:01,4/12/2022,0.26,-9999,-9999,-9999,-9999,-9999,-9999,1,150,-9999,-9999,1,rectangular,6000,5,1,2,55537,55537,55537,0,-9999,0,0,0,0,2.435366,2.435023,1.648762,0.817769,0.339959,-0.007855,0.089843,0.107052,101.10247,0.000245,2.390947,-0.0001,1,2.387769,-0.000073,1,0.601534,0.600729,0.107013,0,PSF-00342_20220412092520,PFA-00370,PSA-00387,PSF-00342,RHS-00171,1.0.0,2022-03-31T16:59:57.778Z
21,9:25:29,4/12/2022,dark adapted,Shane Dewees,,hear,15,3,0.017183,2.919336,0.017083,0.25971,0.582613,0.575198,2.107897,1.525283,5.657428,5.730365,20.732473,0.441786,PSF-00342_20220412092529,121.010902,369.60733,0.672596,0,0,0,0.5,0.8,0.001432,25.57,25.24,19.53,18.28,101.67,156.4,155,0.9,0,3.935,9:20:01,4/12/2022,0.26,-9999,-9999,-9999,-9999,-9999,-9999,1,150,-9999,-9999,1,rectangular,6000,5,1,2,55537,55537,55537,0,-9999,0,0,0,0,2.434485,2.432466,1.652924,0.934325,0.339574,-0.012478,0.090826,0.107018,121.010902,0.000241,2.390947,-0.0001,1,2.387769,-0.000073,1,0.601534,0.600729,0.107013,0,PSF-00342_20220412092529,PFA-00370,PSA-00387,PSF-00342,RHS-00171,1.0.0,2022-03-31T16:59:57.778Z
22,9:25:54,4/12/2022,dark adapted,Shane Dewees,,ceol,28,1,0.085303,2.912521,0.082876,1.252507,0.61084,0.574896,2.126706,1.515865,5.654513,6.008055,20.917683,0.441786,PSF-00342_20220412092554,79.485657,353.120697,0.774905,0,0,0,0.5,0.8,0.003067,26.67,25.1,19.61,18.42,101.67,155.6,7.1,95.4,0,3.935,9:20:01,4/12/2022,0.26,-9999,-9999,-9999,-9999,-9999,-9999,1,150,-9999,-9999,1,rectangular,6000,5,1,2,55537,55537,55537,0,-9999,0,0,0,0,2.434246,2.434204,1.645733,0.613407,0.338458,-0.011825,0.093981,0.107022,77.71933,0.000243,2.390947,-0.0001,1,2.387769,-0.000073,1,0.601534,0.600729,0.107013,0,PSF-00342_20220412092554,PFA-00370,PSA-00387,PSF-00342,RHS-00171,1.0.0,2022-03-31T16:59:57.778Z
23,9:26:00,4/12/2022,dark adapted,Shane Dewees,,ceol,28,2,0.041169,2.923546,0.040597,0.650544,0.602689,0.584177,2.209628,1.606939,5.744822,5.926875,21.729593,0.441786,PSF-00342_20220412092600,76.0746,343.446503,0.778496,0,0,0,0.5,0.8,0.001895,26.27,25.47,19.63,19.03,101.69,156.9,146.2,6.9,0,3.935,9:20:01,4/12/2022,0.26,-9999,-9999,-9999,-9999,-9999,-9999,1,150,-9999,-9999,1,rectangular,6000,5,1,2,55537,55537,55537,0,-9999,0,0,0,0,2.434815,2.433572,1.657425,0.9119,0.338131,-0.005236,0.094764,0.107019,76.0746,0.000226,2.390947,-0.0001,1,2.387769,-0.000073,1,0.601534,0.600729,0.107013,0,PSF-00342_20220412092600,PFA-00370,PSA-00387,PSF-00342,RHS-00171,1.0.0,2022-03-31T16:59:57.778Z
24,9:26:08,4/12/2022,dark adapted,Shane Dewees,,ceol,28,3,0.034476,2.923923,0.034074,0.531835,0.614708,0.599581,2.179963,1.565255,5.896698,6.045468,21.439287,0.441786,PSF-00342_20220412092608,76.521996,272.271393,0.71895,0,0,0,0.5,0.8,0.015345,26.75,26.1,19.66,18.82,101.68,157,135.4,13.8,0,3.9,9:20:01,4/12/2022,0.26,-9999,-9999,-9999,-9999,-9999,-9999,1,150,-9999,-9999,1,rectangular,6000,5,1,2,55537,55537,55537,0,-9999,0,0,0,0,2.435788,2.434328,1.65783,0.884934,0.337771,-0.007972,0.095601,0.107063,76.521996,0.000228,2.390947,-0.0001,1,2.387769,-0.000073,1,0.601534,0.600729,0.107013,0,PSF-00342_20220412092608,PFA-00370,PSA-00387,PSF-00342,RHS-00171,1.0.0,2022-03-31T16:59:57.778Z
25,9:26:29,4/12/2022,dark adapted,Shane Dewees,,ceol,18,1,-0.002972,2.920986,-0.002975,-0.046819,0.573558,0.574894,2.152668,1.57911,5.653438,5.640305,21.169085,0.441786,PSF-00342_20220412092629,71.01059,417.077057,0.829742,0,0,0,0.5,0.8,0.035171,24.85,24.91,19.73,18.61,101.69,156.6,153.5,2,0,3.934,9:20:01,4/12/2022,0.26,-9999,-9999,-9999,-9999,-9999,-9999,1,150,-9999,-9999,1,rectangular,6000,5,1,2,55537,55537,55537,0,-9999,0,0,0,0,2.433917,2.431281,1.654683,0.930462,0.336776,-0.011067,0.098195,0.107112,71.01059,0.000244,2.390947,-0.0001,1,2.387769,-0.000073,1,0.601534,0.600729,0.107013,0,PSF-00342_20220412092629,PFA-00370,PSA-00387,PSF-00342,RHS-00171,1.0.0,2022-03-31T16:59:57.778Z
26,9:26:35,4/12/2022,dark adapted,Shane Dewees,,ceol,18,2,-0.006155,2.922035,-0.006168,-0.09772,0.57028,0.573065,2.159834,1.589553,5.635512,5.608124,21.239758,0.441786,PSF-00342_20220412092635,82.624199,454.297546,0.818128,0,0,0,0.5,0.8,0.001991,24.67,24.79,19.76,18.67,101.69,156.7,136.2,13.1,0,3.934,9:20:01,4/12/2022,0.26,-9999,-9999,-9999,-9999,-9999,-9999,1,150,-9999,-9999,1,rectangular,6000,5,1,2,55537,55537,55537,0,-9999,0,0,0,0,2.433734,2.430994,1.655805,0.887117,0.336474,-0.010726,0.0989,0.107019,82.624199,0.000226,2.390947,-0.0001,1,2.387769,-0.000073,1,0.601534,0.600729,0.107013,0,PSF-00342_20220412092635,PFA-00370,PSA-00387,PSF-00342,RHS-00171,1.0.0,2022-03-31T16:59:57.778Z
27,9:26:45,4/12/2022,dark adapted,Shane Dewees,,ceol,18,3,0.073328,2.916577,0.07153,1.118408,0.632935,0.600942,2.200717,1.567782,5.909711,6.22433,21.642019,0.441786,PSF-00342_20220412092645,78.971741,433.98822,0.818033,0,0,0,0.5,0.8,0.015339,27.32,25.94,19.79,18.97,101.69,156.1,47.1,69.9,0,3.933,9:20:01,4/12/2022,0.26,-9999,-9999,-9999,-9999,-9999,-9999,1,150,-9999,-9999,1,rectangular,6000,5,1,2,55537,55537,55537,0,-9999,0,0,0,0,2.435516,2.435196,1.649999,0.689033,0.335967,-0.007784,0.100128,0.107057,78.971741,0.000227,2.390947,-0.0001,1,2.387769,-0.000073,1,0.601534,0.600729,0.107013,0,PSF-00342_20220412092645,PFA-00370,PSA-00387,PSF-00342,RHS-00171,1.0.0,2022-03-31T16:59:57.778Z
28,9:27:07,4/12/2022,dark adapted,Shane Dewees,,rhov,50,1,-0.038588,2.922191,-0.039105,-0.600152,0.537036,0.554145,2.077637,1.540601,5.449353,5.281112,20.431086,0.441786,PSF-00342_20220412092707,67.888855,262.040375,0.740922,0,0,0,0.5,0.8,0.022028,23.07,23.81,19.87,18.05,101.69,156.8,156.3,0.3,0,3.932,9:20:01,4/12/2022,0.26,-9999,-9999,-9999,-9999,-9999,-9999,1,150,-9999,-9999,1,rectangular,6000,5,1,2,55537,55537,55537,0,-9999,0,0,0,0,2.432158,2.42839,1.655972,0.937715,0.334955,-0.018916,0.10275,0.107083,67.888855,0.000228,2.390947,-0.0001,1,2.387769,-0.000073,1,0.601534,0.600729,0.107013,0,PSF-00342_20220412092707,PFA-00370,PSA-00387,PSF-00342,RHS-00171,1.0.0,2022-03-31T16:59:57.778Z
29,9:27:14,4/12/2022,dark adapted,Shane Dewees,,rhov,50,2,0.095028,2.921376,0.092034,1.352363,0.640078,0.601542,2.114032,1.473954,5.915668,6.294636,20.789753,0.441786,PSF-00342_20220412092714,71.343903,270.295502,0.736052,0,0,0,0.5,0.8,0.027607,27.45,25.8,19.9,18.33,101.69,156.7,155.7,0.6,0,3.933,9:20:01,4/12/2022,0.26,-9999,-9999,-9999,-9999,-9999,-9999,1,150,-9999,-9999,1,rectangular,6000,5,1,2,55537,55537,55537,0,-9999,0,0,0,0,2.435276,2.435385,1.6551,0.936297,0.33458,-0.016151,0.10364,0.107101,61.621784,0.000227,2.390947,-0.0001,1,2.387769,-0.000073,1,0.601534,0.600729,0.107013,0,PSF-00342_20220412092714,PFA-00370,PSA-00387,PSF-00342,RHS-00171,1.0.0,2022-03-31T16:59:57.778Z
30,9:27:22,4/12/2022,dark adapted,Shane Dewees,,rhov,50,3,0.045412,2.919374,0.044717,0.666421,0.633092,0.614069,2.128156,1.495064,6.038117,6.225174,20.926077,0.441786,PSF-00342_20220412092722,70.218445,248.026016,0.716891,0,0,0,0.5,0.8,0.036181,27.11,26.29,19.92,18.43,101.7,156.4,157.1,-0.4,0,3.932,9:20:01,4/12/2022,0.26,-9999,-9999,-9999,-9999,-9999,-9999,1,150,-9999,-9999,1,rectangular,6000,5,1,2,55537,55537,55537,0,-9999,0,0,0,0,2.436035,2.434835,1.652965,0.939842,0.334211,-0.015277,0.104522,0.107131,70.218445,0.000226,2.390947,-0.0001,1,2.387769,-0.000073,1,0.601534,0.600729,0.107013,0,PSF-00342_20220412092722,PFA-00370,PSA-00387,PSF-00342,RHS-00171,1.0.0,2022-03-31T16:59:57.778Z
31,9:27:50,4/12/2022,dark adapted,Shane Dewees,,rhov,6,1,-0.058318,2.920583,-0.059507,-0.95077,0.531312,0.558455,2.134974,1.603662,5.491033,5.224148,20.992241,0.441786,PSF-00342_20220412092750,82.424995,353.265869,0.766677,0,0,0,0.5,0.8,0.002801,22.61,23.77,20.02,18.48,101.7,156.6,156.8,-0.2,0,3.932,9:20:01,4/12/2022,0.26,-9999,-9999,-9999,-9999,-9999,-9999,1,150,-9999,-9999,1,rectangular,6000,5,1,2,55537,55537,55537,0,-9999,0,0,0,0,2.432063,2.427614,1.654253,0.939139,0.33291,-0.015813,0.107953,0.107022,79.517487,0.000227,2.390947,-0.0001,1,2.387769,-0.000073,1,0.601534,0.600729,0.107013,0,PSF-00342_20220412092750,PFA-00370,PSA-00387,PSF-00342,RHS-00171,1.0.0,2022-03-31T16:59:57.778Z
32,9:28:01,4/12/2022,dark adapted,Shane Dewees,,rhov,6,2,0.009127,2.920941,0.009099,0.147668,0.588296,0.584084,2.216171,1.627875,5.742992,5.784408,21.790459,0.441786,PSF-00342_20220412092801,80.92868,271.986023,0.702453,0,0,0,0.5,0.8,0.003316,24.98,24.8,20.06,19.08,101.7,156.6,156.7,0,0,3.932,9:20:01,4/12/2022,0.26,-9999,-9999,-9999,-9999,-9999,-9999,1,150,-9999,-9999,1,rectangular,6000,5,1,2,55537,55537,55537,0,-9999,0,0,0,0,2.433681,2.431431,1.654635,0.938747,0.33241,-0.009543,0.109208,0.107024,77.053429,0.000225,2.390947,-0.0001,1,2.387769,-0.000073,1,0.601534,0.600729,0.107013,0,PSF-00342_20220412092801,PFA-00370,PSA-00387,PSF-00342,RHS-00171,1.0.0,2022-03-31T16:59:57.778Z
33,9:28:08,4/12/2022,dark adapted,Shane Dewees,,rhov,6,3,-0.019648,2.929388,-0.019781,-0.321667,0.578175,0.58729,2.209381,1.631206,5.774534,5.684912,21.723747,0.441786,PSF-00342_20220412092808,77.60775,350.392334,0.778512,0,0,0,0.5,0.8,0.003438,24.51,24.9,20.08,19.03,101.7,157.7,17.4,89,0,3.931,9:20:01,4/12/2022,0.26,-9999,-9999,-9999,-9999,-9999,-9999,1,150,-9999,-9999,1,rectangular,6000,5,1,2,55537,55537,55537,0,-9999,0,0,0,0,2.43383,2.430679,1.663747,0.63226,0.332085,-0.010374,0.110016,0.107023,77.60775,0.000229,2.390947,-0.0001,1,2.387769,-0.000073,1,0.601534,0.600729,0.107013,0,PSF-00342_20220412092808,PFA-00370,PSA-00387,PSF-00342,RHS-00171,1.0.0,2022-03-31T16:59:57.778Z
34,9:28:38,4/12/2022,dark adapted,Shane Dewees,,hear,23,1,0.001154,2.922807,0.001154,0.016876,0.574057,0.573576,2.042407,1.46835,5.639026,5.643753,20.079601,0.441786,PSF-00342_20220412092838,90.484497,362.335693,0.750274,0,0,0,0.5,0.8,0.000567,24.19,24.17,20.18,17.78,101.72,156.8,143.3,8.6,0,3.931,9:20:01,4/12/2022,0.26,-9999,-9999,-9999,-9999,-9999,-9999,1,150,-9999,-9999,1,rectangular,6000,5,1,2,55537,55537,55537,0,-9999,0,0,0,0,2.432669,2.430147,1.656631,0.904753,0.330798,-0.025471,0.113573,0.107015,90.484497,0.000226,2.390947,-0.0001,1,2.387769,-0.000073,1,0.601534,0.600729,0.107013,0,PSF-00342_20220412092838,PFA-00370,PSA-00387,PSF-00342,RHS-00171,1.0.0,2022-03-31T16:59:57.778Z
35,9:28:43,4/12/2022,dark adapted,Shane Dewees,,hear,23,2,0.036759,2.919701,0.036302,0.546274,0.607101,0.591506,2.117151,1.51005,5.815623,5.968957,20.81562,0.441786,PSF-00342_20220412092843,95.281364,403.491486,0.763858,0,0,0,0.5,0.8,0.001626,25.56,24.9,20.2,18.35,101.71,156.5,152.9,2.3,0,3.914,9:20:01,4/12/2022,0.26,-9999,-9999,-9999,-9999,-9999,-9999,1,150,-9999,-9999,1,rectangular,6000,5,1,2,55537,55537,55537,0,-9999,0,0,0,0,2.433811,2.432332,1.653313,0.928969,0.330577,-0.0193,0.114127,0.107018,95.281364,0.000226,2.390947,-0.0001,1,2.387769,-0.000073,1,0.601534,0.600729,0.107013,0,PSF-00342_20220412092843,PFA-00370,PSA-00387,PSF-00342,RHS-00171,1.0.0,2022-03-31T16:59:57.778Z
36,9:28:49,4/12/2022,dark adapted,Shane Dewees,,hear,23,3,0.08011,2.920413,0.077971,1.216539,0.640522,0.605822,2.205227,1.564705,5.956442,6.297607,21.681782,0.441786,PSF-00342_20220412092849,90.319633,469.452728,0.807607,0,0,0,0.5,0.8,-0.001483,26.94,25.48,20.21,19,101.71,156.5,154.2,1.5,0,3.93,9:20:01,4/12/2022,0.26,-9999,-9999,-9999,-9999,-9999,-9999,1,150,-9999,-9999,1,rectangular,6000,5,1,2,55537,55537,55537,0,-9999,0,0,0,0,2.434707,2.434513,1.654072,0.932401,0.330349,-0.012202,0.11474,0.107009,90.319633,0.000243,2.390947,-0.0001,1,2.387769,-0.000073,1,0.601534,0.600729,0.107013,0,PSF-00342_20220412092849,PFA-00370,PSA-00387,PSF-00342,RHS-00171,1.0.0,2022-03-31T16:59:57.778Z
37,9:29:19,4/12/2022,dark adapted,Shane Dewees,,hear,24,1,-0.013401,2.922947,-0.013462,-0.195695,0.571368,0.576942,2.03079,1.459422,5.673062,5.618255,19.968729,0.441786,PSF-00342_20220412092919,83.634857,362.320648,0.769169,0,0,0,0.5,0.8,-0.000474,23.89,24.12,20.31,17.69,101.7,156.9,138.4,11.8,0,3.929,9:20:01,4/12/2022,0.26,-9999,-9999,-9999,-9999,-9999,-9999,1,150,-9999,-9999,1,rectangular,6000,5,1,2,55537,55537,55537,0,-9999,0,0,0,0,2.432555,2.429628,1.656782,0.892356,0.329058,-0.027969,0.11833,0.107012,83.634857,0.000244,2.390947,-0.0001,1,2.387769,-0.000073,1,0.601534,0.600729,0.107013,0,PSF-00342_20220412092919,PFA-00370,PSA-00387,PSF-00342,RHS-00171,1.0.0,2022-03-31T16:59:57.778Z
38,9:29:25,4/12/2022,dark adapted,Shane Dewees,,hear,24,2,0.011956,2.926395,0.011907,0.185608,0.604245,0.598975,2.16794,1.563695,5.889755,5.941579,21.317484,0.441786,PSF-00342_20220412092925,82.230804,373.054871,0.779575,0,0,0,0.5,0.8,-0.000005,25.23,25.01,20.33,18.73,101.7,157.3,110.9,29.5,0,3.929,9:20:01,4/12/2022,0.26,-9999,-9999,-9999,-9999,-9999,-9999,1,150,-9999,-9999,1,rectangular,6000,5,1,2,55537,55537,55537,0,-9999,0,0,0,0,2.433948,2.431779,1.660497,0.826245,0.328796,-0.016604,0.11901,0.107013,82.230804,0.000246,2.390947,-0.0001,1,2.387769,-0.000073,1,0.601534,0.600729,0.107013,0,PSF-00342_20220412092925,PFA-00370,PSA-00387,PSF-00342,RHS-00171,1.0.0,2022-03-31T16:59:57.778Z
39,9:29:32,4/12/2022,dark adapted,Shane Dewees,,hear,24,3,0.090534,2.924359,0.087816,1.310206,0.647266,0.610014,2.143934,1.496668,5.997656,6.363917,21.079155,0.441786,PSF-00342_20220412092932,76.194763,457.708954,0.83353,0,0,0,0.5,0.8,0.006604,26.99,25.43,20.35,18.55,101.71,157,109.2,30.5,0,3.929,9:20:01,4/12/2022,0.26,-9999,-9999,-9999,-9999,-9999,-9999,1,150,-9999,-9999,1,rectangular,6000,5,1,2,55537,55537,55537,0,-9999,0,0,0,0,2.434607,2.434564,1.658299,0.822326,0.3285,-0.018851,0.11975,0.107032,76.194763,0.000243,2.390947,-0.0001,1,2.387769,-0.000073,1,0.601534,0.600729,0.107013,0,PSF-00342_20220412092932,PFA-00370,PSA-00387,PSF-00342,RHS-00171,1.0.0,2022-03-31T16:59:57.778Z
40,9:30:08,4/12/2022,dark adapted,Shane Dewees,,rhov,35,1,0.030892,2.923163,0.030569,0.490573,0.599626,0.58566,2.209127,1.609501,5.758899,5.896231,21.72274,0.441786,PSF-00342_20220412093008,79.882622,426.413666,0.812664,0,0,0,0.5,0.8,-0.000005,24.82,24.24,20.47,19.03,101.7,156.9,151.4,3.5,0,3.895,9:20:01,4/12/2022,0.26,-9999,-9999,-9999,-9999,-9999,-9999,1,150,-9999,-9999,1,rectangular,6000,5,1,2,55537,55537,55537,0,-9999,0,0,0,0,2.432721,2.431106,1.657014,0.925064,0.326976,-0.014804,0.124093,0.107013,79.882622,0.000246,2.390947,-0.0001,1,2.387769,-0.000073,1,0.601534,0.600729,0.107013,0,PSF-00342_20220412093008,PFA-00370,PSA-00387,PSF-00342,RHS-00171,1.0.0,2022-03-31T16:59:57.778Z
41,9:30:31,4/12/2022,dark adapted,Shane Dewees,,rhov,35,2,0.022582,2.921762,0.022409,0.389409,0.603353,0.592255,2.345035,1.741682,5.823503,5.932633,23.058186,0.441786,PSF-00342_20220412093031,82.363129,345.367676,0.76152,0,0,0,0.5,0.8,0.001621,24.84,24.39,20.56,19.99,101.7,156.7,152.5,2.7,0,3.928,9:30:22,4/12/2022,0.2,-9999,-9999,-9999,-9999,-9999,-9999,1,150,-9999,-9999,1,rectangular,6000,5,1,2,55537,55537,55537,0,-9999,0,0,0,0,2.432923,2.431212,1.655513,0.927911,0.325826,-0.004966,0.126772,0.107018,82.363129,0.000228,2.390947,-0.0001,1,2.387769,-0.000073,1,0.601534,0.600729,0.107013,0,PSF-00342_20220412093031,PFA-00370,PSA-00387,PSF-00342,RHS-00171,1.0.0,2022-03-31T16:59:57.778Z
42,9:30:39,4/12/2022,dark adapted,Shane Dewees,,rhov,35,3,0.024265,2.920758,0.024065,0.365415,0.624379,0.613958,2.147571,1.523193,6.03695,6.139415,21.11673,0.441786,PSF-00342_20220412093039,60.483814,366.700165,0.835059,0,0,0,0.5,0.8,-0.000133,25.66,25.23,20.59,18.58,101.7,156.6,156.7,-0.1,0,3.928,9:30:22,4/12/2022,0.2,-9999,-9999,-9999,-9999,-9999,-9999,1,150,-9999,-9999,1,rectangular,6000,5,1,2,55537,55537,55537,0,-9999,0,0,0,0,2.434236,2.432506,1.654439,0.938908,0.325408,-0.021238,0.127605,0.107013,60.483814,0.000228,2.390947,-0.0001,1,2.387769,-0.000073,1,0.601534,0.600729,0.107013,0,PSF-00342_20220412093039,PFA-00370,PSA-00387,PSF-00342,RHS-00171,1.0.0,2022-03-31T16:59:57.778Z
43,9:31:15,4/12/2022,dark adapted,Shane Dewees,,ceol,25,1,-0.035709,2.924772,-0.036151,-0.585416,0.558058,0.57471,2.182688,1.624629,5.651338,5.487597,21.463186,0.441786,PSF-00342_20220412093115,74.655533,249.68576,0.701002,0,0,0,0.5,0.8,0.001492,22.78,23.46,20.7,18.84,101.69,157.1,121.9,22.4,0,3.927,9:30:22,4/12/2022,0.2,-9999,-9999,-9999,-9999,-9999,-9999,1,150,-9999,-9999,1,rectangular,6000,5,1,2,55537,55537,55537,0,-9999,0,0,0,0,2.431432,2.427862,1.658744,0.852222,0.32398,-0.01959,0.131837,0.107018,74.655533,0.000242,2.390947,-0.0001,1,2.387769,-0.000073,1,0.601534,0.600729,0.107013,0,PSF-00342_20220412093115,PFA-00370,PSA-00387,PSF-00342,RHS-00171,1.0.0,2022-03-31T16:59:57.778Z
44,9:31:33,4/12/2022,dark adapted,Shane Dewees,,ceol,25,2,0.019006,2.924359,0.018883,0.320019,0.626228,0.61713,2.324415,1.698187,6.069316,6.158795,22.860041,0.441786,PSF-00342_20220412093133,111.225487,348.12677,0.680503,0,0,0,0.5,0.8,0.00093,25.48,25.11,20.75,19.85,101.68,157,114.3,27.2,0,3.927,9:30:22,4/12/2022,0.2,-9999,-9999,-9999,-9999,-9999,-9999,1,150,-9999,-9999,1,rectangular,6000,5,1,2,55537,55537,55537,0,-9999,0,0,0,0,2.434019,2.432198,1.6583,0.834251,0.323336,-0.008774,0.133857,0.107016,111.225487,0.000226,2.390947,-0.0001,1,2.387769,-0.000073,1,0.601534,0.600729,0.107013,0,PSF-00342_20220412093133,PFA-00370,PSA-00387,PSF-00342,RHS-00171,1.0.0,2022-03-31T16:59:57.778Z
45,9:31:46,4/12/2022,dark adapted,Shane Dewees,,ceol,25,3,0.035825,2.920764,0.035391,0.647009,0.647976,0.629534,2.478169,1.830193,6.191741,6.373124,24.373857,0.441786,PSF-00342_20220412093146,87.046982,223.359344,0.610283,0,0,0,0.5,0.8,0.001764,26.31,25.56,20.78,20.88,101.67,156.6,156.8,-0.1,0,3.926,9:30:22,4/12/2022,0.2,-9999,-9999,-9999,-9999,-9999,-9999,1,150,-9999,-9999,1,rectangular,6000,5,1,2,55537,55537,55537,0,-9999,0,0,0,0,2.434706,2.433498,1.654446,0.939,0.322854,0.002613,0.135332,0.10702,87.046982,0.000247,2.390947,-0.0001,1,2.387769,-0.000073,1,0.601534,0.600729,0.107013,0,PSF-00342_20220412093146,PFA-00370,PSA-00387,PSF-00342,RHS-00171,1.0.0,2022-03-31T16:59:57.778Z
46,9:32:16,4/12/2022,dark adapted,Shane Dewees,,hear,21,1,-0.055536,2.919596,-0.056613,-0.852489,0.564798,0.589141,2.076072,1.511274,5.793931,5.554526,20.4172,0.441786,PSF-00342_20220412093216,104.263184,347.280975,0.699773,0,0,0,0.5,0.8,-0.000111,22.82,23.8,20.87,18.04,101.68,156.4,130.2,16.7,0,3.926,9:30:22,4/12/2022,0.2,-9999,-9999,-9999,-9999,-9999,-9999,1,150,-9999,-9999,1,rectangular,6000,5,1,2,55537,55537,55537,0,-9999,0,0,0,0,2.431936,2.427896,1.653201,0.872403,0.321805,-0.030418,0.138683,0.107013,104.263184,0.00024,2.390947,-0.0001,1,2.387769,-0.000073,1,0.601534,0.600729,0.107013,0,PSF-00342_20220412093216,PFA-00370,PSA-00387,PSF-00342,RHS-00171,1.0.0,2022-03-31T16:59:57.778Z
47,9:32:28,4/12/2022,dark adapted,Shane Dewees,,hear,21,2,0.01435,2.922357,0.01428,0.237791,0.620404,0.613632,2.28969,1.669285,6.033906,6.100503,22.514767,0.441786,PSF-00342_20220412093228,85.858223,358.735443,0.760664,0,0,0,0.5,0.8,0.000343,25.02,24.74,20.9,19.6,101.7,156.8,111.7,28.8,0,3.926,9:30:22,4/12/2022,0.2,-9999,-9999,-9999,-9999,-9999,-9999,1,150,-9999,-9999,1,rectangular,6000,5,1,2,55537,55537,55537,0,-9999,0,0,0,0,2.433411,2.431428,1.65615,0.828131,0.321418,-0.013218,0.139976,0.107014,85.858223,0.000249,2.390947,-0.0001,1,2.387769,-0.000073,1,0.601534,0.600729,0.107013,0,PSF-00342_20220412093228,PFA-00370,PSA-00387,PSF-00342,RHS-00171,1.0.0,2022-03-31T16:59:57.778Z
48,9:32:33,4/12/2022,dark adapted,Shane Dewees,,hear,21,3,0.001985,2.920362,0.001984,0.032041,0.615493,0.614579,2.234756,1.619263,6.04347,6.052459,21.975512,0.441786,PSF-00342_20220412093233,89.552162,396.852844,0.774344,0,0,0,0.5,0.8,0.001176,24.8,24.76,20.91,19.21,101.69,156.5,133,15,0,3.925,9:30:22,4/12/2022,0.2,-9999,-9999,-9999,-9999,-9999,-9999,1,150,-9999,-9999,1,rectangular,6000,5,1,2,55537,55537,55537,0,-9999,0,0,0,0,2.433433,2.431074,1.654017,0.879074,0.321229,-0.017783,0.140547,0.107017,89.552162,0.000246,2.390947,-0.0001,1,2.387769,-0.000073,1,0.601534,0.600729,0.107013,0,PSF-00342_20220412093233,PFA-00370,PSA-00387,PSF-00342,RHS-00171,1.0.0,2022-03-31T16:59:57.778Z
49,9:33:04,4/12/2022,dark adapted,Shane Dewees,,rhov,44,1,-0.005127,2.920365,-0.005136,-0.075865,0.601466,0.603631,2.083717,1.48225,5.935902,5.914618,20.490568,0.441786,PSF-00342_20220412093304,75.211647,359.671722,0.790888,0,0,0,0.5,0.8,-0.000005,24.12,24.2,20.99,18.1,101.69,156.5,157.3,-0.5,0,3.925,9:30:22,4/12/2022,0.2,-9999,-9999,-9999,-9999,-9999,-9999,1,150,-9999,-9999,1,rectangular,6000,5,1,2,55537,55537,55537,0,-9999,0,0,0,0,2.432543,2.42997,1.654021,0.940327,0.320228,-0.03117,0.144029,0.107013,75.211647,0.000246,2.390947,-0.0001,1,2.387769,-0.000073,1,0.601534,0.600729,0.107013,0,PSF-00342_20220412093304,PFA-00370,PSA-00387,PSF-00342,RHS-00171,1.0.0,2022-03-31T16:59:57.778Z
50,9:33:11,4/12/2022,dark adapted,Shane Dewees,,rhov,44,2,0.004305,2.921033,0.004299,0.065506,0.620293,0.618425,2.148953,1.528659,6.080686,6.099051,21.129639,0.441786,PSF-00342_20220412093311,79.605103,367.483368,0.783378,0,0,0,0.5,0.8,-0.00335,24.85,24.77,21,18.59,101.7,156.6,157,-0.2,0,3.924,9:30:22,4/12/2022,0.2,-9999,-9999,-9999,-9999,-9999,-9999,1,150,-9999,-9999,1,rectangular,6000,5,1,2,55537,55537,55537,0,-9999,0,0,0,0,2.433434,2.431139,1.654733,0.939455,0.320038,-0.025868,0.144648,0.107003,79.605103,0.000249,2.390947,-0.0001,1,2.387769,-0.000073,1,0.601534,0.600729,0.107013,0,PSF-00342_20220412093311,PFA-00370,PSA-00387,PSF-00342,RHS-00171,1.0.0,2022-03-31T16:59:57.778Z
51,9:33:18,4/12/2022,dark adapted,Shane Dewees,,rhov,44,3,-0.021202,2.921617,-0.021357,-0.328077,0.603211,0.612563,2.144341,1.54113,6.023261,5.931309,21.08507,0.441786,PSF-00342_20220412093318,67.31057,344.11026,0.804392,0,0,0,0.5,0.8,0.000976,24.14,24.51,21.02,18.55,101.7,156.7,156.9,-0.1,0,3.924,9:30:22,4/12/2022,0.2,-9999,-9999,-9999,-9999,-9999,-9999,1,150,-9999,-9999,1,rectangular,6000,5,1,2,55537,55537,55537,0,-9999,0,0,0,0,2.433025,2.430004,1.655357,0.939288,0.319832,-0.026433,0.145394,0.107016,67.31057,0.000229,2.390947,-0.0001,1,2.387769,-0.000073,1,0.601534,0.600729,0.107013,0,PSF-00342_20220412093318,PFA-00370,PSA-00387,PSF-00342,RHS-00171,1.0.0,2022-03-31T16:59:57.778Z
52,9:33:47,4/12/2022,dark adapted,Shane Dewees,,rhov,9,1,0.04296,2.940589,0.042342,0.633285,0.626669,0.608894,2.127151,1.500482,5.987162,6.161936,20.915943,0.441786,PSF-00342_20220412093347,65.001724,291.153076,0.776744,0,0,0,0.5,0.8,-0.000005,24.97,24.26,21.09,18.42,101.7,159.1,-7.8,104.9,0,3.924,9:30:22,4/12/2022,0.2,-9999,-9999,-9999,-9999,-9999,-9999,1,150,-9999,-9999,1,rectangular,6000,5,1,2,55537,55537,55537,0,-9999,0,0,0,0,2.432611,2.431315,1.676126,0.586968,0.318909,-0.028691,0.148669,0.107013,65.001724,0.000225,2.390947,-0.0001,1,2.387769,-0.000073,1,0.601534,0.600729,0.107013,0,PSF-00342_20220412093347,PFA-00370,PSA-00387,PSF-00342,RHS-00171,1.0.0,2022-03-31T16:59:57.778Z
53,9:33:57,4/12/2022,dark adapted,Shane Dewees,,rhov,9,2,0.014459,2.922857,0.014388,0.202156,0.628714,0.622959,2.038917,1.410203,6.125261,6.18185,20.047709,0.441786,PSF-00342_20220412093357,65.057877,320.914154,0.797273,0,0,0,0.5,0.8,0.001575,25.02,24.79,21.11,17.75,101.7,156.8,157.1,-0.1,0,3.923,9:30:22,4/12/2022,0.2,-9999,-9999,-9999,-9999,-9999,-9999,1,150,-9999,-9999,1,rectangular,6000,5,1,2,55537,55537,55537,0,-9999,0,0,0,0,2.433431,2.431387,1.656685,0.939723,0.318627,-0.036427,0.149639,0.107018,65.057877,0.000245,2.390947,-0.0001,1,2.387769,-0.000073,1,0.601534,0.600729,0.107013,0,PSF-00342_20220412093357,PFA-00370,PSA-00387,PSF-00342,RHS-00171,1.0.0,2022-03-31T16:59:57.778Z
54,9:34:16,4/12/2022,dark adapted,Shane Dewees,,rhov,9,3,-0.01021,2.900281,-0.010246,-0.167823,0.627302,0.632165,2.269195,1.641893,6.21636,6.168544,22.314009,0.441786,PSF-00342_20220412093416,77.023743,316.818237,0.756884,0,0,0,0.5,0.8,-0.000813,24.89,25.08,21.16,19.46,101.69,154.1,-8,105.2,0,3.923,9:30:22,4/12/2022,0.2,-9999,-9999,-9999,-9999,-9999,-9999,1,150,-9999,-9999,1,rectangular,6000,5,1,2,55537,55537,55537,0,-9999,0,0,0,0,2.433885,2.43118,1.633093,0.586731,0.318052,-0.017862,0.151753,0.10701,77.023743,0.000227,2.390947,-0.0001,1,2.387769,-0.000073,1,0.601534,0.600729,0.107013,0,PSF-00342_20220412093416,PFA-00370,PSA-00387,PSF-00342,RHS-00171,1.0.0,2022-03-31T16:59:57.778Z
55,9:34:40,4/12/2022,dark adapted,Shane Dewees,,hear,9,1,-0.019618,2.921712,-0.019751,-0.296208,0.60196,0.610402,2.106778,1.504818,6.002314,5.9193,20.716736,0.441786,PSF-00342_20220412093440,116.204025,427.291626,0.728045,0,0,0,0.5,0.8,-0.000449,23.8,24.13,21.22,18.27,101.69,156.7,149.2,4.8,0,3.888,9:30:22,4/12/2022,0.2,-9999,-9999,-9999,-9999,-9999,-9999,1,150,-9999,-9999,1,rectangular,6000,5,1,2,55537,55537,55537,0,-9999,0,0,0,0,2.432388,2.429424,1.655459,0.919619,0.317316,-0.03183,0.154358,0.107012,116.204025,0.000246,2.390947,-0.0001,1,2.387769,-0.000073,1,0.601534,0.600729,0.107013,0,PSF-00342_20220412093440,PFA-00370,PSA-00387,PSF-00342,RHS-00171,1.0.0,2022-03-31T16:59:57.778Z
56,9:34:47,4/12/2022,dark adapted,Shane Dewees,,hear,9,2,0.03393,2.920251,0.033541,0.516706,0.647136,0.6324,2.191908,1.544772,6.218621,6.363534,21.553854,0.441786,PSF-00342_20220412093447,91.426491,472.944275,0.806687,0,0,0,0.5,0.8,0.000364,25.56,24.98,21.23,18.9,101.69,156.5,136.2,13,0,3.923,9:30:22,4/12/2022,0.2,-9999,-9999,-9999,-9999,-9999,-9999,1,150,-9999,-9999,1,rectangular,6000,5,1,2,55537,55537,55537,0,-9999,0,0,0,0,2.433704,2.432231,1.653899,0.886989,0.317101,-0.024963,0.155083,0.107014,91.426491,0.000245,2.390947,-0.0001,1,2.387769,-0.000073,1,0.601534,0.600729,0.107013,0,PSF-00342_20220412093447,PFA-00370,PSA-00387,PSF-00342,RHS-00171,1.0.0,2022-03-31T16:59:57.778Z
57,9:34:54,4/12/2022,dark adapted,Shane Dewees,,hear,9,3,0.000483,2.92073,0.000483,0.007717,0.630446,0.630226,2.233781,1.603335,6.197143,6.199306,21.965225,0.441786,PSF-00342_20220412093454,86.944344,383.632416,0.773365,0,0,0,0.5,0.8,-0.000595,24.88,24.87,21.25,19.21,101.7,156.6,153.9,1.7,0,3.922,9:30:22,4/12/2022,0.2,-9999,-9999,-9999,-9999,-9999,-9999,1,150,-9999,-9999,1,rectangular,6000,5,1,2,55537,55537,55537,0,-9999,0,0,0,0,2.433528,2.43114,1.65441,0.931533,0.316894,-0.021749,0.155808,0.107011,86.944344,0.00023,2.390947,-0.0001,1,2.387769,-0.000073,1,0.601534,0.600729,0.107013,0,PSF-00342_20220412093454,PFA-00370,PSA-00387,PSF-00342,RHS-00171,1.0.0,2022-03-31T16:59:57.778Z
58,9:35:30,4/12/2022,dark adapted,Shane Dewees,,hear,25,1,0.082995,2.908795,0.080693,1.235631,0.663351,0.627797,2.198676,1.535325,6.173319,6.522932,21.620243,0.441786,PSF-00342_20220412093530,90.966583,405.183441,0.775493,0,0,0,0.5,0.8,-0.001661,26.04,24.64,21.33,18.95,101.7,155.1,-0.1,100.1,0,3.922,9:30:22,4/12/2022,0.2,-9999,-9999,-9999,-9999,-9999,-9999,1,150,-9999,-9999,1,rectangular,6000,5,1,2,55537,55537,55537,0,-9999,0,0,0,0,2.433158,2.432968,1.641848,0.600532,0.315807,-0.025581,0.159735,0.107008,90.966583,0.000225,2.390947,-0.0001,1,2.387769,-0.000073,1,0.601534,0.600729,0.107013,0,PSF-00342_20220412093530,PFA-00370,PSA-00387,PSF-00342,RHS-00171,1.0.0,2022-03-31T16:59:57.778Z
59,9:35:38,4/12/2022,dark adapted,Shane Dewees,,hear,25,2,0.008648,2.918464,0.008622,0.136501,0.644145,0.640246,2.231465,1.58732,6.295286,6.333624,21.941107,0.441786,PSF-00342_20220412093538,78.199623,418.561584,0.813171,0,0,0,0.5,0.8,-0.000997,25.26,25.1,21.35,19.19,101.7,156.3,156.6,-0.2,0,3.922,9:30:22,4/12/2022,0.2,-9999,-9999,-9999,-9999,-9999,-9999,1,150,-9999,-9999,1,rectangular,6000,5,1,2,55537,55537,55537,0,-9999,0,0,0,0,2.433874,2.431726,1.651998,0.938654,0.315585,-0.023122,0.160462,0.10701,78.199623,0.000228,2.390947,-0.0001,1,2.387769,-0.000073,1,0.601534,0.600729,0.107013,0,PSF-00342_20220412093538,PFA-00370,PSA-00387,PSF-00342,RHS-00171,1.0.0,2022-03-31T16:59:57.778Z
60,9:35:46,4/12/2022,dark adapted,Shane Dewees,,hear,25,3,0.001754,2.922137,0.001753,0.028292,0.641001,0.640195,2.259145,1.618144,6.294969,6.302892,22.213924,0.441786,PSF-00342_20220412093546,78.29332,371.61792,0.789318,0,0,0,0.5,0.8,-0.000366,25.1,25.07,21.37,19.39,101.7,156.8,156.4,0.2,0,3.921,9:30:22,4/12/2022,0.2,-9999,-9999,-9999,-9999,-9999,-9999,1,150,-9999,-9999,1,rectangular,6000,5,1,2,55537,55537,55537,0,-9999,0,0,0,0,2.433822,2.431481,1.655915,0.937947,0.315349,-0.021112,0.161287,0.107012,78.29332,0.000226,2.390947,-0.0001,1,2.387769,-0.000073,1,0.601534,0.600729,0.107013,0,PSF-00342_20220412093546,PFA-00370,PSA-00387,PSF-00342,RHS-00171,1.0.0,2022-03-31T16:59:57.778Z
61,9:36:17,4/12/2022,dark adapted,Shane Dewees,,rhov,15,1,0.004209,2.9195,0.004203,0.068023,0.637413,0.635471,2.260043,1.62263,6.24872,6.26781,22.223461,0.441786,PSF-00342_20220412093617,67.796944,276.873352,0.755134,0,0,0,0.5,0.8,-0.000005,24.85,24.78,21.44,19.39,101.7,156.4,156.8,-0.2,0,3.921,9:30:22,4/12/2022,0.2,-9999,-9999,-9999,-9999,-9999,-9999,1,150,-9999,-9999,1,rectangular,6000,5,1,2,55537,55537,55537,0,-9999,0,0,0,0,2.43335,2.431072,1.653099,0.938986,0.31445,-0.021859,0.164607,0.107013,67.796944,0.000227,2.390947,-0.0001,1,2.387769,-0.000073,1,0.601534,0.600729,0.107013,0,PSF-00342_20220412093617,PFA-00370,PSA-00387,PSF-00342,RHS-00171,1.0.0,2022-03-31T16:59:57.778Z
62,9:36:29,4/12/2022,dark adapted,Shane Dewees,,rhov,15,2,0.000462,2.928405,0.000462,0.008339,0.643871,0.643634,2.451258,1.807388,6.328567,6.330891,24.102121,0.441786,PSF-00342_20220412093629,13.101697,13.621688,0.038174,0,0,0,0.5,0.8,-0.000058,25.06,25.05,21.47,20.71,101.7,157.5,30.4,80.7,0,3.92,9:30:22,4/12/2022,0.2,-9999,-9999,-9999,-9999,-9999,-9999,1,150,-9999,-9999,1,rectangular,6000,5,1,2,55537,55537,55537,0,-9999,0,0,0,0,2.433772,2.431398,1.662677,0.656654,0.314092,-0.007321,0.165877,0.107009,13.101697,0.000246,2.390947,-0.0001,1,2.387769,-0.000073,1,0.601534,0.600729,0.107013,0,PSF-00342_20220412093629,PFA-00370,PSA-00387,PSF-00342,RHS-00171,1.0.0,2022-03-31T16:59:57.778Z
63,9:36:42,4/12/2022,dark adapted,Shane Dewees,,rhov,15,3,0.003035,2.919642,0.003032,0.053436,0.661615,0.66009,2.426821,1.765206,6.490372,6.505363,23.861837,0.441786,PSF-00342_20220412093642,64.266083,297.864685,0.784244,0,0,0,0.5,0.8,-0.000723,25.7,25.64,21.5,20.54,101.7,156.4,117.8,24.7,0,3.92,9:30:22,4/12/2022,0.2,-9999,-9999,-9999,-9999,-9999,-9999,1,150,-9999,-9999,1,rectangular,6000,5,1,2,55537,55537,55537,0,-9999,0,0,0,0,2.43468,2.432408,1.65325,0.842569,0.313686,-0.009547,0.167201,0.107011,63.179611,0.000229,2.390947,-0.0001,1,2.387769,-0.000073,1,0.601534,0.600729,0.107013,0,PSF-00342_20220412093642,PFA-00370,PSA-00387,PSF-00342,RHS-00171,1.0.0,2022-03-31T16:59:57.778Z
64,9:36:53,4/12/2022,dark adapted,Shane Dewees,,rhov,15,4,0.009751,2.919565,0.009718,0.157506,0.680254,0.675761,2.304331,1.624077,6.64473,6.688912,22.658398,0.441786,PSF-00342_20220412093653,71.768044,349.564087,0.794693,0,0,0,0.5,0.8,-0.00158,26.38,26.21,21.53,19.71,101.7,156.4,157.2,-0.5,0,3.92,9:30:22,4/12/2022,0.2,-9999,-9999,-9999,-9999,-9999,-9999,1,150,-9999,-9999,1,rectangular,6000,5,1,2,55537,55537,55537,0,-9999,0,0,0,0,2.435544,2.433474,1.653168,0.940148,0.313327,-0.019367,0.168353,0.107008,71.768044,0.000244,2.390947,-0.0001,1,2.387769,-0.000073,1,0.601534,0.600729,0.107013,0,PSF-00342_20220412093653,PFA-00370,PSA-00387,PSF-00342,RHS-00171,1.0.0,2022-03-31T16:59:57.778Z
65,9:37:25,4/12/2022,dark adapted,Shane Dewees,,rhov,24,1,0.009913,2.922282,0.009879,0.160809,0.647826,0.643247,2.279516,1.63169,6.324646,6.369673,22.413067,0.441786,PSF-00342_20220412093725,58.472515,204.318527,0.713817,0,0,0,0.5,0.8,-0.001093,25.02,24.84,21.6,19.53,101.7,156.8,138.8,11.5,0,3.919,9:30:22,4/12/2022,0.2,-9999,-9999,-9999,-9999,-9999,-9999,1,150,-9999,-9999,1,rectangular,6000,5,1,2,55537,55537,55537,0,-9999,0,0,0,0,2.433409,2.4313,1.65607,0.893374,0.31245,-0.022138,0.171682,0.107009,58.472515,0.000244,2.390947,-0.0001,1,2.387769,-0.000073,1,0.601534,0.600729,0.107013,0,PSF-00342_20220412093725,PFA-00370,PSA-00387,PSF-00342,RHS-00171,1.0.0,2022-03-31T16:59:57.778Z
66,9:37:34,4/12/2022,dark adapted,Shane Dewees,,rhov,24,2,0.00165,2.922174,0.001649,0.026826,0.658555,0.657791,2.288589,1.630034,6.467716,6.475227,22.502501,0.441786,PSF-00342_20220412093734,74.899437,338.444366,0.778695,0,0,0,0.5,0.8,-0.001549,25.4,25.37,21.62,19.6,101.7,156.8,157.2,-0.3,0,3.919,9:30:22,4/12/2022,0.2,-9999,-9999,-9999,-9999,-9999,-9999,1,150,-9999,-9999,1,rectangular,6000,5,1,2,55537,55537,55537,0,-9999,0,0,0,0,2.434228,2.431903,1.655954,0.940169,0.31219,-0.021657,0.172652,0.107008,74.899437,0.000248,2.390947,-0.0001,1,2.387769,-0.000073,1,0.601534,0.600729,0.107013,0,PSF-00342_20220412093734,PFA-00370,PSA-00387,PSF-00342,RHS-00171,1.0.0,2022-03-31T16:59:57.778Z
67,9:37:47,4/12/2022,dark adapted,Shane Dewees,,rhov,24,3,0.024605,2.933329,0.0244,0.404211,0.674697,0.66329,2.334503,1.659806,6.522028,6.634185,22.9548,0.441786,PSF-00342_20220412093747,76.524857,300.675995,0.745491,0,0,0,0.5,0.8,-0.001028,25.98,25.54,21.65,19.92,101.7,158.2,-0.9,100.5,0,3.918,9:30:22,4/12/2022,0.2,-9999,-9999,-9999,-9999,-9999,-9999,1,150,-9999,-9999,1,rectangular,6000,5,1,2,55537,55537,55537,0,-9999,0,0,0,0,2.434487,2.432817,1.668064,0.599206,0.311861,-0.018346,0.173954,0.10701,76.524857,0.000245,2.390947,-0.0001,1,2.387769,-0.000073,1,0.601534,0.600729,0.107013,0,PSF-00342_20220412093747,PFA-00370,PSA-00387,PSF-00342,RHS-00171,1.0.0,2022-03-31T16:59:57.778Z
68,9:38:19,4/12/2022,dark adapted,Shane Dewees,,ceol,12,1,0.008299,2.919547,0.008276,0.135121,0.658558,0.654702,2.295075,1.636517,6.437071,6.474983,22.565332,0.441786,PSF-00342_20220412093819,82.373497,122.756126,0.328966,0,0,0,0.5,0.8,0.000098,25.26,25.11,21.71,19.64,101.71,156.4,147.4,5.8,0,3.918,9:30:22,4/12/2022,0.2,-9999,-9999,-9999,-9999,-9999,-9999,1,150,-9999,-9999,1,rectangular,6000,5,1,2,55537,55537,55537,0,-9999,0,0,0,0,2.433805,2.431662,1.653148,0.915104,0.31105,-0.022195,0.177294,0.107014,82.373497,0.000247,2.390947,-0.0001,1,2.387769,-0.000073,1,0.601534,0.600729,0.107013,0,PSF-00342_20220412093819,PFA-00370,PSA-00387,PSF-00342,RHS-00171,1.0.0,2022-03-31T16:59:57.778Z
69,9:38:27,4/12/2022,dark adapted,Shane Dewees,,ceol,12,2,-0.000016,2.92054,-0.000016,-0.000264,0.65993,0.659937,2.339983,1.680053,6.488673,6.488599,23.007324,0.441786,PSF-00342_20220412093827,55.090427,162.317993,0.660602,0,0,0,0.5,0.8,0.0006,25.28,25.28,21.73,19.95,101.71,156.6,152.4,2.6,0,3.918,9:30:22,4/12/2022,0.2,-9999,-9999,-9999,-9999,-9999,-9999,1,150,-9999,-9999,1,rectangular,6000,5,1,2,55537,55537,55537,0,-9999,0,0,0,0,2.434074,2.431703,1.654207,0.927781,0.310848,-0.018854,0.178094,0.107015,55.090427,0.000246,2.390947,-0.0001,1,2.387769,-0.000073,1,0.601534,0.600729,0.107013,0,PSF-00342_20220412093827,PFA-00370,PSA-00387,PSF-00342,RHS-00171,1.0.0,2022-03-31T16:59:57.778Z
70,9:38:42,4/12/2022,dark adapted,Shane Dewees,,ceol,12,3,0.023229,2.936207,0.023047,0.400338,0.687339,0.676069,2.42708,1.739741,6.646908,6.75772,23.862339,0.441786,PSF-00342_20220412093842,117.6213,312.524902,0.623642,0,0,0,0.5,0.8,-0.000194,26.29,25.86,21.76,20.55,101.71,158.5,18.7,88.2,0,3.918,9:30:22,4/12/2022,0.2,-9999,-9999,-9999,-9999,-9999,-9999,1,150,-9999,-9999,1,rectangular,6000,5,1,2,55537,55537,55537,0,-9999,0,0,0,0,2.434953,2.433283,1.671242,0.634559,0.31048,-0.012487,0.179598,0.107012,121.775146,0.000226,2.390947,-0.0001,1,2.387769,-0.000073,1,0.601534,0.600729,0.107013,0,PSF-00342_20220412093842,PFA-00370,PSA-00387,PSF-00342,RHS-00171,1.0.0,2022-03-31T16:59:57.778Z
71,9:39:10,4/12/2022,dark adapted,Shane Dewees,,rhov,34,1,0.008443,2.920433,0.008419,0.134444,0.658906,0.655072,2.25977,1.600864,6.440747,6.478443,22.218323,0.441786,PSF-00342_20220412093910,59.157372,267.653717,0.778978,0,0,0,0.5,0.8,-0.000718,25.11,24.97,21.82,19.39,101.71,156.5,157,-0.3,0,3.883,9:30:22,4/12/2022,0.2,-9999,-9999,-9999,-9999,-9999,-9999,1,150,-9999,-9999,1,rectangular,6000,5,1,2,55537,55537,55537,0,-9999,0,0,0,0,2.433559,2.431412,1.654093,0.939557,0.309764,-0.026194,0.182467,0.107011,59.157372,0.000227,2.390947,-0.0001,1,2.387769,-0.000073,1,0.601534,0.600729,0.107013,0,PSF-00342_20220412093910,PFA-00370,PSA-00387,PSF-00342,RHS-00171,1.0.0,2022-03-31T16:59:57.778Z
72,9:39:18,4/12/2022,dark adapted,Shane Dewees,,rhov,34,2,-0.003482,2.921659,-0.003487,-0.056069,0.657117,0.658715,2.269242,1.612125,6.476272,6.460566,22.310465,0.441786,PSF-00342_20220412093918,69.528938,312.331451,0.777387,0,0,0,0.5,0.8,-0.002257,25.02,25.08,21.83,19.46,101.71,156.7,157,-0.2,0,3.917,9:30:22,4/12/2022,0.2,-9999,-9999,-9999,-9999,-9999,-9999,1,150,-9999,-9999,1,rectangular,6000,5,1,2,55537,55537,55537,0,-9999,0,0,0,0,2.433739,2.431268,1.655402,0.93957,0.309593,-0.025596,0.183205,0.107006,69.528938,0.000226,2.390947,-0.0001,1,2.387769,-0.000073,1,0.601534,0.600729,0.107013,0,PSF-00342_20220412093918,PFA-00370,PSA-00387,PSF-00342,RHS-00171,1.0.0,2022-03-31T16:59:57.778Z
73,9:39:26,4/12/2022,dark adapted,Shane Dewees,,rhov,34,3,0.007273,2.919696,0.007255,0.117775,0.675685,0.672325,2.302794,1.627108,6.609958,6.642994,22.639887,0.441786,PSF-00342_20220412093926,85.37793,317.101471,0.730755,0,0,0,0.5,0.8,0.000553,25.71,25.58,21.84,19.7,101.71,156.5,156.3,0.1,0,3.917,9:30:22,4/12/2022,0.2,-9999,-9999,-9999,-9999,-9999,-9999,1,150,-9999,-9999,1,rectangular,6000,5,1,2,55537,55537,55537,0,-9999,0,0,0,0,2.434508,2.432354,1.653308,0.93783,0.309431,-0.023087,0.183944,0.107015,85.37793,0.000227,2.390947,-0.0001,1,2.387769,-0.000073,1,0.601534,0.600729,0.107013,0,PSF-00342_20220412093926,PFA-00370,PSA-00387,PSF-00342,RHS-00171,1.0.0,2022-03-31T16:59:57.778Z
74,9:39:57,4/12/2022,dark adapted,Shane Dewees,,hear,22,1,0.014218,2.920232,0.014149,0.226371,0.675205,0.66875,2.278923,1.603717,6.574852,6.638322,22.405365,0.441786,PSF-00342_20220412093957,107.145309,321.924805,0.667173,0,0,0,0.5,0.8,0.000301,25.6,25.36,21.9,19.53,101.71,156.5,156.8,-0.2,0,3.916,9:30:22,4/12/2022,0.2,-9999,-9999,-9999,-9999,-9999,-9999,1,150,-9999,-9999,1,rectangular,6000,5,1,2,55537,55537,55537,0,-9999,0,0,0,0,2.434153,2.432178,1.653879,0.93906,0.308745,-0.025616,0.187147,0.107014,107.145309,0.000248,2.390947,-0.0001,1,2.387769,-0.000073,1,0.601534,0.600729,0.107013,0,PSF-00342_20220412093957,PFA-00370,PSA-00387,PSF-00342,RHS-00171,1.0.0,2022-03-31T16:59:57.778Z
75,9:40:04,4/12/2022,dark adapted,Shane Dewees,,hear,22,2,0.020778,2.922502,0.020632,0.338979,0.678642,0.668993,2.325066,1.646424,6.577502,6.672372,22.85993,0.441786,PSF-00342_20220412094004,88.657021,392.020569,0.773846,0,0,0,0.5,0.8,-0.000005,25.72,25.35,21.91,19.85,101.71,156.8,156.4,0.2,0,3.916,9:30:22,4/12/2022,0.2,-9999,-9999,-9999,-9999,-9999,-9999,1,150,-9999,-9999,1,rectangular,6000,5,1,2,55537,55537,55537,0,-9999,0,0,0,0,2.434138,2.432354,1.656305,0.93811,0.308609,-0.022102,0.18776,0.107013,88.657021,0.000224,2.390947,-0.0001,1,2.387769,-0.000073,1,0.601534,0.600729,0.107013,0,PSF-00342_20220412094004,PFA-00370,PSA-00387,PSF-00342,RHS-00171,1.0.0,2022-03-31T16:59:57.778Z
76,9:40:13,4/12/2022,dark adapted,Shane Dewees,,hear,22,3,-0.005217,2.921896,-0.005226,-0.090168,0.688444,0.691011,2.416505,1.728061,6.794005,6.76876,23.759008,0.441786,PSF-00342_20220412094013,107.690689,356.750244,0.698134,0,0,0,0.5,0.8,-0.00043,26.06,26.16,21.93,20.47,101.71,156.7,155.6,0.7,0,3.915,9:30:22,4/12/2022,0.2,-9999,-9999,-9999,-9999,-9999,-9999,1,150,-9999,-9999,1,rectangular,6000,5,1,2,55537,55537,55537,0,-9999,0,0,0,0,2.435385,2.432898,1.655655,0.936018,0.308412,-0.01522,0.188656,0.107012,107.836243,0.000228,2.390947,-0.0001,1,2.387769,-0.000073,1,0.601534,0.600729,0.107013,0,PSF-00342_20220412094013,PFA-00370,PSA-00387,PSF-00342,RHS-00171,1.0.0,2022-03-31T16:59:57.778Z
77,9:40:53,4/12/2022,dark adapted,Shane Dewees,,rhov,39,1,-0.021486,2.922533,-0.021645,-0.347332,0.631631,0.641521,2.240601,1.60897,6.307731,6.21048,22.030607,0.441786,PSF-00342_20220412094053,82.004074,246.660583,0.667543,0,0,0,0.5,0.8,-0.000819,23.78,24.16,22.01,19.26,101.7,156.8,156.8,0,0,3.915,9:40:36,4/12/2022,0.28,-9999,-9999,-9999,-9999,-9999,-9999,1,150,-9999,-9999,1,rectangular,6000,5,1,2,55537,55537,55537,0,-9999,0,0,0,0,2.432255,2.429134,1.656338,0.939128,0.307325,-0.030006,0.192669,0.10701,79.597595,0.000227,2.390947,-0.0001,1,2.387769,-0.000073,1,0.601534,0.600729,0.107013,0,PSF-00342_20220412094053,PFA-00370,PSA-00387,PSF-00342,RHS-00171,1.0.0,2022-03-31T16:59:57.778Z
78,9:41:00,4/12/2022,dark adapted,Shane Dewees,,rhov,39,2,0.001317,2.918099,0.001316,0.020518,0.651432,0.650846,2.214882,1.56345,6.399303,6.405067,21.777353,0.441786,PSF-00342_20220412094100,85.462334,273.166168,0.687142,0,0,0,0.5,0.8,-0.000738,24.51,24.49,22.03,19.07,101.71,156.3,90,42.4,0,3.915,9:40:36,4/12/2022,0.28,-9999,-9999,-9999,-9999,-9999,-9999,1,150,-9999,-9999,1,rectangular,6000,5,1,2,55537,55537,55537,0,-9999,0,0,0,0,2.432767,2.43029,1.651611,0.779016,0.307148,-0.032248,0.193387,0.10701,85.462334,0.000248,2.390947,-0.0001,1,2.387769,-0.000073,1,0.601534,0.600729,0.107013,0,PSF-00342_20220412094100,PFA-00370,PSA-00387,PSF-00342,RHS-00171,1.0.0,2022-03-31T16:59:57.778Z
79,9:41:13,4/12/2022,dark adapted,Shane Dewees,,rhov,39,3,0.012809,2.920765,0.012753,0.210781,0.670755,0.664746,2.327053,1.656298,6.535686,6.594763,22.879236,0.441786,PSF-00342_20220412094113,47.145367,244.36319,0.807068,0,0,0,0.5,0.8,-0.000005,25.2,24.98,22.05,19.86,101.71,156.6,157.2,-0.4,0,3.915,9:40:36,4/12/2022,0.28,-9999,-9999,-9999,-9999,-9999,-9999,1,150,-9999,-9999,1,rectangular,6000,5,1,2,55537,55537,55537,0,-9999,0,0,0,0,2.43353,2.431395,1.654448,0.939969,0.306904,-0.023544,0.194576,0.107013,47.145367,0.000226,2.390947,-0.0001,1,2.387769,-0.000073,1,0.601534,0.600729,0.107013,0,PSF-00342_20220412094113,PFA-00370,PSA-00387,PSF-00342,RHS-00171,1.0.0,2022-03-31T16:59:57.778Z
80,9:41:42,4/12/2022,dark adapted,Shane Dewees,,rhov,38,1,-0.003366,2.92054,-0.00337,-0.055451,0.64065,0.642232,2.290182,1.649532,6.314496,6.298947,22.517332,0.441786,PSF-00342_20220412094142,65.470932,269.418243,0.756991,0,0,0,0.5,0.8,-0.000351,24.02,24.08,22.09,19.61,101.71,156.6,156.9,-0.2,0,3.914,9:40:36,4/12/2022,0.28,-9999,-9999,-9999,-9999,-9999,-9999,1,150,-9999,-9999,1,rectangular,6000,5,1,2,55537,55537,55537,0,-9999,0,0,0,0,2.432115,2.429495,1.654207,0.939202,0.306432,-0.02689,0.197447,0.107012,65.470932,0.000228,2.390947,-0.0001,1,2.387769,-0.000073,1,0.601534,0.600729,0.107013,0,PSF-00342_20220412094142,PFA-00370,PSA-00387,PSF-00342,RHS-00171,1.0.0,2022-03-31T16:59:57.778Z
81,9:41:48,4/12/2022,dark adapted,Shane Dewees,,rhov,38,2,0.008132,2.923583,0.008109,0.131041,0.655889,0.652161,2.275816,1.619927,6.411887,6.448538,22.375263,0.441786,PSF-00342_20220412094148,66.09893,236.658096,0.720699,0,0,0,0.5,0.8,-0.002203,24.58,24.44,22.09,19.51,101.71,156.9,157.3,-0.2,0,3.914,9:40:36,4/12/2022,0.28,-9999,-9999,-9999,-9999,-9999,-9999,1,150,-9999,-9999,1,rectangular,6000,5,1,2,55537,55537,55537,0,-9999,0,0,0,0,2.43268,2.430391,1.657465,0.940325,0.306352,-0.028105,0.197955,0.107006,66.09893,0.000226,2.390947,-0.0001,1,2.387769,-0.000073,1,0.601534,0.600729,0.107013,0,PSF-00342_20220412094148,PFA-00370,PSA-00387,PSF-00342,RHS-00171,1.0.0,2022-03-31T16:59:57.778Z
82,9:41:55,4/12/2022,dark adapted,Shane Dewees,,rhov,38,3,0.01381,2.912901,0.013745,0.218472,0.665636,0.659369,2.259048,1.593412,6.482902,6.544518,22.210897,0.441786,PSF-00342_20220412094155,61.177971,301.178802,0.796872,0,0,0,0.5,0.8,-0.001949,24.93,24.7,22.1,19.39,101.71,155.6,50.2,67.7,0,3.913,9:40:36,4/12/2022,0.28,-9999,-9999,-9999,-9999,-9999,-9999,1,150,-9999,-9999,1,rectangular,6000,5,1,2,55537,55537,55537,0,-9999,0,0,0,0,2.43308,2.430952,1.64613,0.695308,0.306254,-0.029533,0.198613,0.107007,61.177971,0.000227,2.390947,-0.0001,1,2.387769,-0.000073,1,0.601534,0.600729,0.107013,0,PSF-00342_20220412094155,PFA-00370,PSA-00387,PSF-00342,RHS-00171,1.0.0,2022-03-31T16:59:57.778Z
83,9:42:26,4/12/2022,dark adapted,Shane Dewees,,hear,6,1,-0.007273,2.921396,-0.007291,-0.122286,0.633891,0.637377,2.315181,1.681291,6.266407,6.232137,22.761848,0.441786,PSF-00342_20220412094226,88.519691,439.831848,0.798742,0,0,0,0.5,0.8,-0.002685,23.69,23.82,22.14,19.78,101.71,156.7,156.7,0,0,3.913,9:40:36,4/12/2022,0.28,-9999,-9999,-9999,-9999,-9999,-9999,1,150,-9999,-9999,1,rectangular,6000,5,1,2,55537,55537,55537,0,-9999,0,0,0,0,2.431703,2.428962,1.655121,0.938787,0.305808,-0.025507,0.201714,0.107005,88.519691,0.000228,2.390947,-0.0001,1,2.387769,-0.000073,1,0.601534,0.600729,0.107013,0,PSF-00342_20220412094226,PFA-00370,PSA-00387,PSF-00342,RHS-00171,1.0.0,2022-03-31T16:59:57.778Z
84,9:42:36,4/12/2022,dark adapted,Shane Dewees,,hear,6,2,-0.007184,2.921257,-0.007201,-0.122267,0.647345,0.65083,2.34874,1.701396,6.398986,6.364723,23.092918,0.441786,PSF-00342_20220412094236,84.254982,449.235321,0.812448,0,0,0,0.5,0.8,-0.00174,24.18,24.31,22.15,20.01,101.71,156.6,133.5,14.8,0,3.913,9:40:36,4/12/2022,0.28,-9999,-9999,-9999,-9999,-9999,-9999,1,150,-9999,-9999,1,rectangular,6000,5,1,2,55537,55537,55537,0,-9999,0,0,0,0,2.432463,2.42974,1.654973,0.880377,0.305678,-0.023008,0.202608,0.107008,82.905289,0.000247,2.390947,-0.0001,1,2.387769,-0.000073,1,0.601534,0.600729,0.107013,0,PSF-00342_20220412094236,PFA-00370,PSA-00387,PSF-00342,RHS-00171,1.0.0,2022-03-31T16:59:57.778Z
85,9:42:45,4/12/2022,dark adapted,Shane Dewees,,hear,6,3,0.026849,2.921295,0.026605,0.458557,0.692847,0.679783,2.419135,1.726288,6.68333,6.811771,23.783876,0.441786,PSF-00342_20220412094245,81.56955,436.357483,0.813067,0,0,0,0.5,0.8,-0.000749,25.86,25.37,22.16,20.49,101.71,156.7,154,1.7,0,3.912,9:40:36,4/12/2022,0.28,-9999,-9999,-9999,-9999,-9999,-9999,1,150,-9999,-9999,1,rectangular,6000,5,1,2,55537,55537,55537,0,-9999,0,0,0,0,2.434116,2.432411,1.655013,0.931799,0.305544,-0.017719,0.203423,0.107011,81.56955,0.000228,2.390947,-0.0001,1,2.387769,-0.000073,1,0.601534,0.600729,0.107013,0,PSF-00342_20220412094245,PFA-00370,PSA-00387,PSF-00342,RHS-00171,1.0.0,2022-03-31T16:59:57.778Z
86,9:43:15,4/12/2022,dark adapted,Shane Dewees,,hear,8,1,0.01291,2.920174,0.012853,0.216562,0.675841,0.669664,2.364037,1.688196,6.583665,6.644388,23.241545,0.441786,PSF-00342_20220412094315,94.837906,373.98468,0.746412,0,0,0,0.5,0.8,-0.001712,25.16,24.93,22.2,20.12,101.72,156.5,157.2,-0.4,0,3.912,9:40:36,4/12/2022,0.28,-9999,-9999,-9999,-9999,-9999,-9999,1,150,-9999,-9999,1,rectangular,6000,5,1,2,55537,55537,55537,0,-9999,0,0,0,0,2.433424,2.431298,1.653817,0.939974,0.305037,-0.022429,0.206397,0.107008,94.837906,0.000227,2.390947,-0.0001,1,2.387769,-0.000073,1,0.601534,0.600729,0.107013,0,PSF-00342_20220412094315,PFA-00370,PSA-00387,PSF-00342,RHS-00171,1.0.0,2022-03-31T16:59:57.778Z
87,9:43:22,4/12/2022,dark adapted,Shane Dewees,,hear,8,2,0.007252,2.919923,0.007234,0.118509,0.673663,0.670282,2.3156,1.641937,6.589706,6.622943,22.765234,0.441786,PSF-00342_20220412094322,91.786263,452.789062,0.797287,0,0,0,0.5,0.8,0.000846,25.07,24.94,22.21,19.79,101.72,156.5,156.8,-0.2,0,3.912,9:40:36,4/12/2022,0.28,-9999,-9999,-9999,-9999,-9999,-9999,1,150,-9999,-9999,1,rectangular,6000,5,1,2,55537,55537,55537,0,-9999,0,0,0,0,2.433435,2.431145,1.653549,0.939009,0.304921,-0.026313,0.206996,0.107015,91.786263,0.000227,2.390947,-0.0001,1,2.387769,-0.000073,1,0.601534,0.600729,0.107013,0,PSF-00342_20220412094322,PFA-00370,PSA-00387,PSF-00342,RHS-00171,1.0.0,2022-03-31T16:59:57.778Z
88,9:43:30,4/12/2022,dark adapted,Shane Dewees,,hear,8,3,-0.001134,2.921941,-0.001135,-0.019448,0.667133,0.667687,2.384234,1.717101,6.564487,6.559041,23.441029,0.441786,PSF-00342_20220412094330,94.807144,339.193237,0.720492,0,0,0,0.5,0.8,-0.001872,24.81,24.83,22.22,20.26,101.71,156.7,156.3,0.3,0,3.912,9:40:36,4/12/2022,0.28,-9999,-9999,-9999,-9999,-9999,-9999,1,150,-9999,-9999,1,rectangular,6000,5,1,2,55537,55537,55537,0,-9999,0,0,0,0,2.433259,2.430733,1.655704,0.937834,0.3048,-0.021095,0.207695,0.107007,94.807144,0.000227,2.390947,-0.0001,1,2.387769,-0.000073,1,0.601534,0.600729,0.107013,0,PSF-00342_20220412094330,PFA-00370,PSA-00387,PSF-00342,RHS-00171,1.0.0,2022-03-31T16:59:57.778Z
89,9:44:03,4/12/2022,dark adapted,Shane Dewees,,ceol,21,1,0.00635,2.915468,0.006336,0.10693,0.663606,0.660545,2.354504,1.690897,6.495069,6.525167,23.151575,0.441786,PSF-00342_20220412094403,70.456985,232.158066,0.696513,0,0,0,0.5,0.8,-0.001067,24.61,24.5,22.26,20.05,101.7,155.9,93.3,40.1,0,3.911,9:40:36,4/12/2022,0.28,-9999,-9999,-9999,-9999,-9999,-9999,1,150,-9999,-9999,1,rectangular,6000,5,1,2,55537,55537,55537,0,-9999,0,0,0,0,2.432734,2.43041,1.648829,0.786376,0.30426,-0.023905,0.210875,0.107009,70.456985,0.000247,2.390947,-0.0001,1,2.387769,-0.000073,1,0.601534,0.600729,0.107013,0,PSF-00342_20220412094403,PFA-00370,PSA-00387,PSF-00342,RHS-00171,1.0.0,2022-03-31T16:59:57.778Z
90,9:44:13,4/12/2022,dark adapted,Shane Dewees,,ceol,21,2,0.008096,2.921145,0.008074,0.143108,0.667897,0.663818,2.443003,1.775106,6.526947,6.567047,24.020655,0.441786,PSF-00342_20220412094413,101.565239,613.435486,0.834432,0,0,0,0.5,0.8,-0.001914,24.75,24.6,22.28,20.65,101.7,156.6,91.3,41.7,0,3.911,9:40:36,4/12/2022,0.28,-9999,-9999,-9999,-9999,-9999,-9999,1,150,-9999,-9999,1,rectangular,6000,5,1,2,55537,55537,55537,0,-9999,0,0,0,0,2.432889,2.43063,1.654853,0.781828,0.304098,-0.01728,0.211755,0.107008,93.285439,0.000229,2.390947,-0.0001,1,2.387769,-0.000073,1,0.601534,0.600729,0.107013,0,PSF-00342_20220412094413,PFA-00370,PSA-00387,PSF-00342,RHS-00171,1.0.0,2022-03-31T16:59:57.778Z
91,9:44:22,4/12/2022,dark adapted,Shane Dewees,,ceol,21,3,0.011396,2.920365,0.011351,0.188332,0.677957,0.672587,2.340325,1.662368,6.613168,6.665966,23.011084,0.441786,PSF-00342_20220412094422,73.632721,164.952271,0.553612,0,0,0,0.5,0.8,-0.002874,25.1,24.9,22.29,19.96,101.7,156.5,127.3,18.7,0,3.91,9:40:36,4/12/2022,0.28,-9999,-9999,-9999,-9999,-9999,-9999,1,150,-9999,-9999,1,rectangular,6000,5,1,2,55537,55537,55537,0,-9999,0,0,0,0,2.433358,2.431185,1.654021,0.865297,0.303926,-0.025324,0.212657,0.107001,73.632721,0.000243,2.390947,-0.0001,1,2.387769,-0.000073,1,0.601534,0.600729,0.107013,0,PSF-00342_20220412094422,PFA-00370,PSA-00387,PSF-00342,RHS-00171,1.0.0,2022-03-31T16:59:57.778Z
92,9:45:03,4/12/2022,dark adapted,Shane Dewees,,ceol,1,1,-0.011056,2.920991,-0.011098,-0.197453,0.618772,0.624403,2.401561,1.782789,6.139053,6.083694,23.611853,0.441786,PSF-00342_20220412094503,85.976601,205.359573,0.581336,0,0,0,0.5,0.8,-0.001954,22.84,23.04,22.34,20.37,101.71,156.6,140.4,10.4,0,3.91,9:40:36,4/12/2022,0.28,-9999,-9999,-9999,-9999,-9999,-9999,1,150,-9999,-9999,1,rectangular,6000,5,1,2,55537,55537,55537,0,-9999,0,0,0,0,2.430438,2.42755,1.654689,0.897424,0.303279,-0.021213,0.216559,0.107005,85.976601,0.000228,2.390947,-0.0001,1,2.387769,-0.000073,1,0.601534,0.600729,0.107013,0,PSF-00342_20220412094503,PFA-00370,PSA-00387,PSF-00342,RHS-00171,1.0.0,2022-03-31T16:59:57.778Z
93,9:45:10,4/12/2022,dark adapted,Shane Dewees,,ceol,1,2,-0.005273,2.922256,-0.005283,-0.094196,0.63067,0.633353,2.417128,1.786458,6.226882,6.200502,23.764257,0.441786,PSF-00342_20220412094510,95.046761,229.662186,0.586145,0,0,0,0.5,0.8,0.000711,23.26,23.36,22.35,20.48,101.71,156.8,127.3,18.8,0,3.908,9:40:36,4/12/2022,0.28,-9999,-9999,-9999,-9999,-9999,-9999,1,150,-9999,-9999,1,rectangular,6000,5,1,2,55537,55537,55537,0,-9999,0,0,0,0,2.430939,2.428238,1.656041,0.865358,0.303183,-0.020116,0.21718,0.107016,95.046761,0.000242,2.390947,-0.0001,1,2.387769,-0.000073,1,0.601534,0.600729,0.107013,0,PSF-00342_20220412094510,PFA-00370,PSA-00387,PSF-00342,RHS-00171,1.0.0,2022-03-31T16:59:57.778Z
94,9:45:26,4/12/2022,dark adapted,Shane Dewees,,ceol,1,3,0.021678,2.91846,0.021518,0.39509,0.667706,0.656422,2.506079,1.838374,6.453811,6.56475,24.639278,0.441786,PSF-00342_20220412094526,103.010414,388.56662,0.734896,0,0,0,0.5,0.8,-0.000901,24.6,24.18,22.37,21.07,101.71,156.3,145.3,7,0,3.909,9:40:36,4/12/2022,0.28,-9999,-9999,-9999,-9999,-9999,-9999,1,150,-9999,-9999,1,rectangular,6000,5,1,2,55537,55537,55537,0,-9999,0,0,0,0,2.432222,2.430374,1.651994,0.909821,0.30294,-0.01366,0.218714,0.10701,99.008202,0.000246,2.390947,-0.0001,1,2.387769,-0.000073,1,0.601534,0.600729,0.107013,0,PSF-00342_20220412094526,PFA-00370,PSA-00387,PSF-00342,RHS-00171,1.0.0,2022-03-31T16:59:57.778Z
95,9:46:07,4/12/2022,dark adapted,Shane Dewees,,ceol,20,1,0.003565,2.915242,0.003561,0.064774,0.644336,0.642481,2.466331,1.821996,6.316618,6.334857,24.248005,0.441786,PSF-00342_20220412094607,70.041779,382.710815,0.816985,0,0,0,0.5,0.8,-0.000628,23.67,23.6,22.42,20.81,101.71,155.9,-8.6,105.5,0,3.908,9:40:36,4/12/2022,0.28,-9999,-9999,-9999,-9999,-9999,-9999,1,150,-9999,-9999,1,rectangular,6000,5,1,2,55537,55537,55537,0,-9999,0,0,0,0,2.431302,2.428881,1.64859,0.585673,0.302369,-0.017175,0.222559,0.107011,70.041779,0.000228,2.390947,-0.0001,1,2.387769,-0.000073,1,0.601534,0.600729,0.107013,0,PSF-00342_20220412094607,PFA-00370,PSA-00387,PSF-00342,RHS-00171,1.0.0,2022-03-31T16:59:57.778Z
96,9:46:24,4/12/2022,dark adapted,Shane Dewees,,ceol,20,2,0.014357,2.92174,0.014287,0.270005,0.664596,0.656905,2.556378,1.891782,6.458685,6.534307,25.134302,0.441786,PSF-00342_20220412094624,61.734081,354.333405,0.825774,0,0,0,0.5,0.8,-0.001768,24.39,24.11,22.44,21.39,101.71,156.7,-19,112.1,0,3.908,9:40:36,4/12/2022,0.28,-9999,-9999,-9999,-9999,-9999,-9999,1,150,-9999,-9999,1,rectangular,6000,5,1,2,55537,55537,55537,0,-9999,0,0,0,0,2.432086,2.430025,1.655489,0.567776,0.302148,-0.010711,0.224104,0.107008,61.734081,0.000245,2.390947,-0.0001,1,2.387769,-0.000073,1,0.601534,0.600729,0.107013,0,PSF-00342_20220412094624,PFA-00370,PSA-00387,PSF-00342,RHS-00171,1.0.0,2022-03-31T16:59:57.778Z
97,9:46:33,4/12/2022,dark adapted,Shane Dewees,,ceol,20,3,-0.001649,2.921858,-0.00165,-0.030119,0.670247,0.671105,2.497614,1.827367,6.598461,6.590026,24.557131,0.441786,PSF-00342_20220412094633,81.770538,334.54834,0.755579,0,0,0,0.5,0.8,-0.000235,24.58,24.61,22.45,21.01,101.71,156.7,53.9,65.6,0,3.908,9:40:36,4/12/2022,0.28,-9999,-9999,-9999,-9999,-9999,-9999,1,150,-9999,-9999,1,rectangular,6000,5,1,2,55537,55537,55537,0,-9999,0,0,0,0,2.432875,2.430331,1.655616,0.70273,0.302033,-0.015159,0.224911,0.107012,82.095978,0.000226,2.390947,-0.0001,1,2.387769,-0.000073,1,0.601534,0.600729,0.107013,0,PSF-00342_20220412094633,PFA-00370,PSA-00387,PSF-00342,RHS-00171,1.0.0,2022-03-31T16:59:57.778Z
99,9:47:06,4/12/2022,dark adapted,Shane Dewees,,rhov,11,2,0.011902,2.921651,0.011853,0.193916,0.661285,0.65576,2.300989,1.639704,6.447402,6.501719,22.623205,0.441786,PSF-00342_20220412094706,73.930977,303.619995,0.756502,0,0,0,0.5,0.8,-0.002889,24.2,24,22.48,19.68,101.71,156.7,156.8,-0.1,0,3.908,9:40:36,4/12/2022,0.28,-9999,-9999,-9999,-9999,-9999,-9999,1,150,-9999,-9999,1,rectangular,6000,5,1,2,55537,55537,55537,0,-9999,0,0,0,0,2.431914,2.429723,1.655394,0.939142,0.30163,-0.030599,0.227857,0.107004,71.6604,0.000244,2.390947,-0.0001,1,2.387769,-0.000073,1,0.601534,0.600729,0.107013,0,PSF-00342_20220412094706,PFA-00370,PSA-00387,PSF-00342,RHS-00171,1.0.0,2022-03-31T16:59:57.778Z
100,9:47:14,4/12/2022,dark adapted,Shane Dewees,,rhov,11,3,0.014282,2.922154,0.014212,0.226277,0.681234,0.674791,2.276994,1.59576,6.634691,6.698035,22.387886,0.441786,PSF-00342_20220412094714,69.588303,255.895264,0.728059,0,0,0,0.5,0.8,-0.001004,24.92,24.69,22.49,19.51,101.71,156.8,157.1,-0.2,0,3.907,9:40:36,4/12/2022,0.28,-9999,-9999,-9999,-9999,-9999,-9999,1,150,-9999,-9999,1,rectangular,6000,5,1,2,55537,55537,55537,0,-9999,0,0,0,0,2.432983,2.430869,1.655932,0.939795,0.301552,-0.032572,0.228521,0.10701,69.588303,0.000229,2.390947,-0.0001,1,2.387769,-0.000073,1,0.601534,0.600729,0.107013,0,PSF-00342_20220412094714,PFA-00370,PSA-00387,PSF-00342,RHS-00171,1.0.0,2022-03-31T16:59:57.778Z
101,9:47:21,4/12/2022,dark adapted,Shane Dewees,,rhov,11,4,-0.005257,2.921667,-0.005267,-0.083943,0.665472,0.667863,2.263192,1.59772,6.56662,6.543108,22.252354,0.441786,PSF-00342_20220412094721,60.367584,228.986984,0.736371,0,0,0,0.5,0.8,-0.001128,24.34,24.43,22.49,19.42,101.71,156.7,157,-0.2,0,3.907,9:40:36,4/12/2022,0.28,-9999,-9999,-9999,-9999,-9999,-9999,1,150,-9999,-9999,1,rectangular,6000,5,1,2,55537,55537,55537,0,-9999,0,0,0,0,2.43258,2.429942,1.655411,0.939465,0.301508,-0.033713,0.229137,0.107009,60.367584,0.000227,2.390947,-0.0001,1,2.387769,-0.000073,1,0.601534,0.600729,0.107013,0,PSF-00342_20220412094721,PFA-00370,PSA-00387,PSF-00342,RHS-00171,1.0.0,2022-03-31T16:59:57.778Z
102,9:47:50,4/12/2022,dark adapted,Shane Dewees,,hear,10,1,0.028736,2.921766,0.028456,0.456087,0.683258,0.670268,2.289643,1.606385,6.589875,6.717589,22.511093,0.441786,PSF-00342_20220412094750,104.635117,338.405365,0.690799,0,0,0,0.5,0.8,-0.001479,24.96,24.48,22.51,19.6,101.71,156.7,143.2,8.6,0,3.906,9:40:36,4/12/2022,0.28,-9999,-9999,-9999,-9999,-9999,-9999,1,150,-9999,-9999,1,rectangular,6000,5,1,2,55537,55537,55537,0,-9999,0,0,0,0,2.43266,2.430919,1.655517,0.904311,0.301238,-0.031871,0.23179,0.107008,104.635117,0.000228,2.390947,-0.0001,1,2.387769,-0.000073,1,0.601534,0.600729,0.107013,0,PSF-00342_20220412094750,PFA-00370,PSA-00387,PSF-00342,RHS-00171,1.0.0,2022-03-31T16:59:57.778Z
103,9:47:57,4/12/2022,dark adapted,Shane Dewees,,hear,10,2,0.021449,2.921091,0.021293,0.347618,0.689622,0.679717,2.325494,1.635872,6.682891,6.780277,22.863964,0.441786,PSF-00342_20220412094757,89.729546,356.862183,0.74856,0,0,0,0.5,0.8,-0.00069,25.18,24.82,22.52,19.85,101.71,156.6,156.2,0.3,0,3.906,9:40:36,4/12/2022,0.28,-9999,-9999,-9999,-9999,-9999,-9999,1,150,-9999,-9999,1,rectangular,6000,5,1,2,55537,55537,55537,0,-9999,0,0,0,0,2.433183,2.431273,1.654796,0.937478,0.30117,-0.029117,0.23236,0.107011,89.729546,0.000228,2.390947,-0.0001,1,2.387769,-0.000073,1,0.601534,0.600729,0.107013,0,PSF-00342_20220412094757,PFA-00370,PSA-00387,PSF-00342,RHS-00171,1.0.0,2022-03-31T16:59:57.778Z
104,9:48:06,4/12/2022,dark adapted,Shane Dewees,,hear,10,3,0.003203,2.922823,0.0032,0.053741,0.675853,0.674323,2.358498,1.682645,6.63022,6.645257,23.189709,0.441786,PSF-00342_20220412094806,111.115692,310.182465,0.641773,0,0,0,0.5,0.8,-0.001472,24.67,24.61,22.53,20.08,101.7,156.8,146.6,6.5,0,3.905,9:40:36,4/12/2022,0.28,-9999,-9999,-9999,-9999,-9999,-9999,1,150,-9999,-9999,1,rectangular,6000,5,1,2,55537,55537,55537,0,-9999,0,0,0,0,2.432857,2.430455,1.656649,0.912934,0.301079,-0.026636,0.233131,0.107008,111.115692,0.000229,2.390947,-0.0001,1,2.387769,-0.000073,1,0.601534,0.600729,0.107013,0,PSF-00342_20220412094806,PFA-00370,PSA-00387,PSF-00342,RHS-00171,1.0.0,2022-03-31T16:59:57.778Z
105,9:48:34,4/12/2022,dark adapted,Shane Dewees,,rhov,42,1,-0.013888,2.921276,-0.013954,-0.230439,0.644306,0.650875,2.299632,1.655325,6.399271,6.334694,22.609524,0.441786,PSF-00342_20220412094834,78.428146,297.49704,0.736373,0,0,0,0.5,0.8,0.000108,23.48,23.72,22.55,19.67,101.71,156.6,156.8,-0.1,0,3.906,9:40:36,4/12/2022,0.28,-9999,-9999,-9999,-9999,-9999,-9999,1,150,-9999,-9999,1,rectangular,6000,5,1,2,55537,55537,55537,0,-9999,0,0,0,0,2.431465,2.42856,1.654993,0.939037,0.300807,-0.031497,0.235655,0.107013,78.428146,0.000247,2.390947,-0.0001,1,2.387769,-0.000073,1,0.601534,0.600729,0.107013,0,PSF-00342_20220412094834,PFA-00370,PSA-00387,PSF-00342,RHS-00171,1.0.0,2022-03-31T16:59:57.778Z
106,9:48:44,4/12/2022,dark adapted,Shane Dewees,,rhov,42,2,0.003516,2.91991,0.003512,0.061541,0.6455,0.643744,2.401161,1.755661,6.328824,6.346088,23.606464,0.441786,PSF-00342_20220412094844,83.906296,242.621536,0.654168,0,0,0,0.5,0.8,-0.000403,23.52,23.45,22.56,20.37,101.72,156.5,156.7,-0.1,0,3.905,9:40:36,4/12/2022,0.28,-9999,-9999,-9999,-9999,-9999,-9999,1,150,-9999,-9999,1,rectangular,6000,5,1,2,55537,55537,55537,0,-9999,0,0,0,0,2.431038,2.42861,1.653535,0.938749,0.300711,-0.023707,0.23654,0.107012,83.906296,0.000227,2.390947,-0.0001,1,2.387769,-0.000073,1,0.601534,0.600729,0.107013,0,PSF-00342_20220412094844,PFA-00370,PSA-00387,PSF-00342,RHS-00171,1.0.0,2022-03-31T16:59:57.778Z
107,9:48:52,4/12/2022,dark adapted,Shane Dewees,,rhov,42,3,-0.000174,2.921007,-0.000174,-0.002932,0.643871,0.643955,2.334191,1.690319,6.331161,6.330339,22.94902,0.441786,PSF-00342_20220412094852,84.425209,279.003387,0.697404,0,0,0,0.5,0.8,-0.0016,23.45,23.45,22.56,19.91,101.71,156.6,156.7,0,0,3.871,9:40:36,4/12/2022,0.28,-9999,-9999,-9999,-9999,-9999,-9999,1,150,-9999,-9999,1,rectangular,6000,5,1,2,55537,55537,55537,0,-9999,0,0,0,0,2.431038,2.428503,1.654705,0.938754,0.300651,-0.028937,0.237195,0.107008,84.425209,0.000249,2.390947,-0.0001,1,2.387769,-0.000073,1,0.601534,0.600729,0.107013,0,PSF-00342_20220412094852,PFA-00370,PSA-00387,PSF-00342,RHS-00171,1.0.0,2022-03-31T16:59:57.778Z
108,9:49:21,4/12/2022,dark adapted,Shane Dewees,,ceol,17,1,0.000983,2.923331,0.000983,0.017838,0.64965,0.649143,2.467521,1.817871,6.382087,6.387077,24.259583,0.441786,PSF-00342_20220412094921,95.108986,371.767029,0.74417,0,0,0,0.5,0.8,-0.000345,23.62,23.6,22.59,20.81,101.71,156.9,156.8,0.1,0,3.904,9:40:36,4/12/2022,0.28,-9999,-9999,-9999,-9999,-9999,-9999,1,150,-9999,-9999,1,rectangular,6000,5,1,2,55537,55537,55537,0,-9999,0,0,0,0,2.431271,2.428776,1.657195,0.939004,0.300339,-0.01904,0.239859,0.107012,95.108986,0.000249,2.390947,-0.0001,1,2.387769,-0.000073,1,0.601534,0.600729,0.107013,0,PSF-00342_20220412094921,PFA-00370,PSA-00387,PSF-00342,RHS-00171,1.0.0,2022-03-31T16:59:57.778Z
109,9:49:34,4/12/2022,dark adapted,Shane Dewees,,ceol,17,2,0.012022,2.91856,0.011973,0.237239,0.658586,0.65181,2.641358,1.982772,6.408006,6.474622,25.967459,0.441786,PSF-00342_20220412094934,100.073578,203.157669,0.507409,0,0,0,0.5,0.8,0.000074,23.93,23.68,22.6,21.92,101.72,156.3,15.4,90.2,0,3.904,9:40:36,4/12/2022,0.28,-9999,-9999,-9999,-9999,-9999,-9999,1,150,-9999,-9999,1,rectangular,6000,5,1,2,55537,55537,55537,0,-9999,0,0,0,0,2.431389,2.429262,1.6521,0.628491,0.300172,-0.006467,0.241009,0.107013,100.977303,0.000229,2.390947,-0.0001,1,2.387769,-0.000073,1,0.601534,0.600729,0.107013,0,PSF-00342_20220412094934,PFA-00370,PSA-00387,PSF-00342,RHS-00171,1.0.0,2022-03-31T16:59:57.778Z
110,9:49:54,4/12/2022,dark adapted,Shane Dewees,,ceol,17,3,-0.006885,2.921409,-0.006902,-0.127565,0.659937,0.663572,2.510618,1.850681,6.523885,6.488146,24.683052,0.441786,PSF-00342_20220412094954,89.00499,322.047821,0.723628,0,0,0,0.5,0.8,-0.000998,23.94,24.08,22.62,21.1,101.71,156.7,139.7,10.8,0,3.904,9:40:36,4/12/2022,0.28,-9999,-9999,-9999,-9999,-9999,-9999,1,150,-9999,-9999,1,rectangular,6000,5,1,2,55537,55537,55537,0,-9999,0,0,0,0,2.432,2.429283,1.655135,0.895663,0.299896,-0.016255,0.242793,0.10701,99.111557,0.000228,2.390947,-0.0001,1,2.387769,-0.000073,1,0.601534,0.600729,0.107013,0,PSF-00342_20220412094954,PFA-00370,PSA-00387,PSF-00342,RHS-00171,1.0.0,2022-03-31T16:59:57.778Z
111,9:50:28,4/12/2022,dark adapted,Shane Dewees,,hear,18,1,-0.002346,2.921901,-0.002348,-0.042752,0.627679,0.628898,2.451864,1.824185,6.182803,6.170826,24.104704,0.441786,PSF-00342_20220412095028,98.464966,308.041687,0.680352,0,0,0,0.5,0.8,-0.001561,22.72,22.77,22.66,20.71,101.72,156.7,140.3,10.5,0,3.904,9:40:36,4/12/2022,0.28,-9999,-9999,-9999,-9999,-9999,-9999,1,150,-9999,-9999,1,rectangular,6000,5,1,2,55537,55537,55537,0,-9999,0,0,0,0,2.42994,2.427317,1.655661,0.897283,0.299469,-0.02106,0.245808,0.107008,98.464966,0.000245,2.390947,-0.0001,1,2.387769,-0.000073,1,0.601534,0.600729,0.107013,0,PSF-00342_20220412095028,PFA-00370,PSA-00387,PSF-00342,RHS-00171,1.0.0,2022-03-31T16:59:57.778Z
112,9:50:34,4/12/2022,dark adapted,Shane Dewees,,hear,18,2,-0.016341,2.920164,-0.016433,-0.288533,0.631182,0.639415,2.390564,1.759382,6.286232,6.205293,23.502163,0.441786,PSF-00342_20220412095034,84.151268,287.443756,0.707243,0,0,0,0.5,0.8,-0.001622,22.84,23.14,22.66,20.3,101.72,156.5,131.3,16.1,0,3.903,9:40:36,4/12/2022,0.28,-9999,-9999,-9999,-9999,-9999,-9999,1,150,-9999,-9999,1,rectangular,6000,5,1,2,55537,55537,55537,0,-9999,0,0,0,0,2.43053,2.427511,1.653806,0.874969,0.299415,-0.025771,0.246288,0.107008,84.151268,0.000231,2.390947,-0.0001,1,2.387769,-0.000073,1,0.601534,0.600729,0.107013,0,PSF-00342_20220412095034,PFA-00370,PSA-00387,PSF-00342,RHS-00171,1.0.0,2022-03-31T16:59:57.778Z
113,9:50:51,4/12/2022,dark adapted,Shane Dewees,,hear,18,3,-0.022485,2.921915,-0.02266,-0.419996,0.609752,0.621722,2.466552,1.8568,6.11226,5.994581,24.249109,0.441786,PSF-00342_20220412095051,95.041039,346.392975,0.725627,0,0,0,0.5,0.8,-0.001222,22.04,22.48,22.68,20.81,101.72,156.7,154.4,1.5,0,3.868,9:50:47,4/12/2022,0.27,-9999,-9999,-9999,-9999,-9999,-9999,1,150,-9999,-9999,1,rectangular,6000,5,1,2,55537,55537,55537,0,-9999,0,0,0,0,2.429472,2.426231,1.655676,0.932999,0.299177,-0.020238,0.247717,0.107009,95.041039,0.000227,2.390947,-0.0001,1,2.387769,-0.000073,1,0.601534,0.600729,0.107013,0,PSF-00342_20220412095051,PFA-00370,PSA-00387,PSF-00342,RHS-00171,1.0.0,2022-03-31T16:59:57.778Z
114,9:51:15,4/12/2022,dark adapted,Shane Dewees,,hear,14,1,-0.039819,2.923072,-0.040369,-0.690404,0.590657,0.610319,2.305465,1.714808,6.000268,5.806964,22.665869,0.441786,PSF-00342_20220412095115,122.194649,357.716217,0.658403,0,0,0,0.5,0.8,-0.001309,21.3,22.01,22.72,19.71,101.72,156.9,152.8,2.6,0,3.902,9:50:47,4/12/2022,0.27,-9999,-9999,-9999,-9999,-9999,-9999,1,150,-9999,-9999,1,rectangular,6000,5,1,2,55537,55537,55537,0,-9999,0,0,0,0,2.428727,2.425017,1.656916,0.928802,0.298704,-0.03307,0.249788,0.107008,122.194649,0.000227,2.390947,-0.0001,1,2.387769,-0.000073,1,0.601534,0.600729,0.107013,0,PSF-00342_20220412095115,PFA-00370,PSA-00387,PSF-00342,RHS-00171,1.0.0,2022-03-31T16:59:57.778Z
115,9:51:25,4/12/2022,dark adapted,Shane Dewees,,hear,14,2,-0.020044,2.920741,-0.020182,-0.350116,0.619203,0.62919,2.357954,1.73875,6.185679,6.087497,23.181454,0.441786,PSF-00342_20220412095125,126.303795,324.107758,0.610303,0,0,0,0.5,0.8,-0.000376,22.32,22.68,22.73,20.08,101.72,156.6,155.7,0.5,0,3.902,9:50:47,4/12/2022,0.27,-9999,-9999,-9999,-9999,-9999,-9999,1,150,-9999,-9999,1,rectangular,6000,5,1,2,55537,55537,55537,0,-9999,0,0,0,0,2.429784,2.426671,1.654422,0.93634,0.298601,-0.029074,0.250641,0.107012,109.244942,0.000228,2.390947,-0.0001,1,2.387769,-0.000073,1,0.601534,0.600729,0.107013,0,PSF-00342_20220412095125,PFA-00370,PSA-00387,PSF-00342,RHS-00171,1.0.0,2022-03-31T16:59:57.778Z
116,9:51:39,4/12/2022,dark adapted,Shane Dewees,,hear,14,3,-0.000641,2.921726,-0.000641,-0.011676,0.630304,0.630636,2.454937,1.824633,6.199744,6.196473,24.134319,0.441786,PSF-00342_20220412095139,109.108688,380.134827,0.712974,0,0,0,0.5,0.8,-0.001527,22.71,22.72,22.74,20.73,101.72,156.7,156.9,-0.1,0,3.901,9:50:47,4/12/2022,0.27,-9999,-9999,-9999,-9999,-9999,-9999,1,150,-9999,-9999,1,rectangular,6000,5,1,2,55537,55537,55537,0,-9999,0,0,0,0,2.429844,2.427295,1.655474,0.939356,0.298489,-0.02178,0.251848,0.107008,109.108688,0.000246,2.390947,-0.0001,1,2.387769,-0.000073,1,0.601534,0.600729,0.107013,0,PSF-00342_20220412095139,PFA-00370,PSA-00387,PSF-00342,RHS-00171,1.0.0,2022-03-31T16:59:57.778Z
2,10:07:06,4/12/2022,dark adapted,Shane Dewees,,rhov,1,2,-0.005313,2.921739,-0.005323,-0.1071,0.551138,0.554192,2.566027,2.014889,5.449682,5.419652,25.233196,0.441786,PSF-00342_20220412100706,97.68248,344.825134,0.716719,0,0,0,0.5,0.8,1.298215,20.97,21.09,21.84,21.45,101.69,156.7,155.5,0.8,5,3.937,10:06:09,4/12/2022,0.27,-9999,-9999,-9999,-9999,-9999,-9999,1,150,-9999,-9999,1,rectangular,6000,5,1,2,55537,55537,55537,0,-9999,0,0,0,0,2.427429,2.424611,1.655488,0.935636,0.309459,-0.003077,0.154815,0.111261,97.68248,0.000227,2.390947,-0.0001,1,2.387769,-0.000073,1,0.601534,0.600729,0.107013,0,PSF-00342_20220412100706,PFA-00370,PSA-00387,PSF-00342,RHS-00171,1.0.0,2022-03-31T16:59:57.778Z
